,A,B,C,D
2019-08-22,0.0862778410753341,-0.285368544274954,-0.012889630779097449,0.4522155339270698
2019-08-23,1.4127769533291832,0.23871992177743712,-1.7400379991462982,-0.1236360608912015
2019-08-24,0.7995176246832492,-0.8885544042962237,-0.9248612099521075,-1.7068948651284657
2019-08-25,1.5646151448122,-1.6466185681897203,0.18429563420733397,-2.976331171466051
2019-08-26,1.9036281868100056,-1.0258812547824818,1.3869304648217935,-2.719043773810241
2019-08-27,1.1649196340884989,-0.7240131957295578,1.23668971355123,-2.4952766716584174
2019-08-28,2.003877152343075,0.34835810817858637,2.5494669305774207,-5.438851123964973
2019-08-29,4.30412494358318,-0.4597551249300398,1.763326877584226,-4.409135188888027
2019-08-30,4.726267171795955,-1.517906638146463,-0.21257423036896128,-5.10191287769779
2019-08-31,5.277157902033046,-1.2641820438405045,0.906538326716263,-5.8947928189438255
2019-09-01,5.74726427261891,0.22577708235420246,-0.25781742632152116,-6.596933291286153
2019-09-02,5.728966665406052,-0.3590762889630509,-0.27253777455991035,-6.594935520606067
2019-09-03,7.232053541132933,-1.490280207986732,-0.951728928321787,-7.4346876608779064
2019-09-04,7.329094708365799,-0.18123141376007412,-1.309576216754012,-6.376228450933423
2019-09-05,6.846513621525745,-0.8143784512372483,-1.398260199541964,-3.8296081007753533
2019-09-06,8.307231650995497,-0.995644894090821,-0.6094134107321222,-3.9746173156284827
2019-09-07,9.228198918529491,0.44902836606975016,-0.2604232480378156,-4.760921537729419
2019-09-08,9.240230829333152,1.8761060248929127,-0.7859670364090631,-3.30836230138633
2019-09-09,11.49948703802382,2.0605541992550567,-0.6218348697592593,-2.734744536015546
2019-09-10,11.136724027205354,1.6073946378807227,-1.8305487674236378,-3.6788612893144235
2019-09-11,11.32417365977985,0.23402137565789904,0.4362781444652266,-4.044490229060895
2019-09-12,11.688123441771722,0.480684523603471,0.04548610144704379,-4.981361475449558
2019-09-13,10.397040123149056,0.7893853288772003,-0.47499255424996367,-6.0115445917507975
2019-09-14,9.622623026933315,0.7833575170143685,-0.7323857280984296,-6.76302552427197
2019-09-15,8.79866058553682,0.3505059166259445,-1.4228213570478325,-9.280633068144684
2019-09-16,8.830094774089043,1.2556809521669132,-2.513341509176257,-9.215975134812858
2019-09-17,8.816480828577701,1.816570148740392,-1.0765674024627605,-9.238742697315649
2019-09-18,8.880187297823037,2.828825158243858,-2.5479869071336454,-8.452421662925914
2019-09-19,8.966014872263747,3.7236133890509127,-2.234985006279855,-7.050767582827382
2019-09-20,9.232279721991217,4.3534956954049004,-1.9962645910567478,-7.063970634974812
2019-09-21,8.158336814457934,5.193836888018485,-1.6026100378838533,-7.075651688500449
2019-09-22,8.54747731644168,3.567597568547466,-0.09795445659377333,-7.386048542644471
2019-09-23,9.176728989282024,3.5592308596307323,0.0482647748711352,-7.338738760305306
2019-09-24,8.190606827301915,2.901691248964301,0.004668006322971166,-8.835536016872604
2019-09-25,7.450249368005469,1.7860506579539375,0.6708315136509593,-8.083334864178203
2019-09-26,5.706344049519514,2.398877390856602,0.11527023736003195,-9.127393861549715
2019-09-27,6.982395392585928,1.5613945051197065,-0.04691619889639856,-10.10820437663665
2019-09-28,6.292047614015503,2.7878489173855554,-0.13863220528125944,-8.658829992424339
2019-09-29,4.978404546209735,1.9812556655462688,0.31002192794021044,-7.615773157153205
2019-09-30,4.518375253294069,1.5427532059234736,1.3165934719319075,-5.648402227941499
2019-10-01,3.996619786054433,0.05110153751283897,-0.7655083412465129,-6.123571222314885
2019-10-02,4.3145340751639445,0.5110815637336159,-1.3692174411547833,-4.8027694361600055
2019-10-03,4.091985342354639,1.1643144045015994,-2.188728290794131,-4.1036622704577725
2019-10-04,2.9021372493200532,2.09554574375184,0.127380805987948,-4.078201518121788
2019-10-05,4.1251229311553805,1.5011026269740224,1.4421673935687997,-3.1332581386922107
2019-10-06,3.263240048922578,1.3923596287857571,0.6804513473928264,-3.711896691790774
2019-10-07,4.975137288666115,3.5370875208724692,-0.9032881406873572,-4.093681016538345
2019-10-08,5.285836009264498,1.2288531757129406,-2.405883025244976,-3.4245050004367537
2019-10-09,4.0752631300156406,0.44864702858650196,-1.4711997201067133,-2.741988434805721
2019-10-10,3.8159150295221718,0.9092299936341491,-0.8242974214102163,-3.1384611210594673
2019-10-11,3.0414291242744262,0.5734495053105587,-2.36318240799776,-1.6975299113931603
2019-10-12,1.8821856193682296,2.0275268921637926,-2.3605586506680982,-1.8171787140796365
2019-10-13,0.8505971559298346,2.8442537987779613,-0.9781312543588094,-0.7021496696753036
2019-10-14,1.7412870119782302,3.827317327594594,0.8574069234670252,2.092722736454678
2019-10-15,1.1549643294373615,4.494428865444005,1.0487775567158746,1.8990627308183383
2019-10-16,1.5319821415421404,3.5770610113179355,1.2174862285438697,2.593314748110104
2019-10-17,0.8136180705833489,3.500382009959887,2.214446618497079,0.6113086435788773
2019-10-18,0.6124123822612995,5.475517498770546,1.9718240998690206,-0.7527403615337587
2019-10-19,2.4473916562512903,5.663922917322951,1.3809789296294763,-1.8210516950939803
2019-10-20,1.6367822335929327,4.276520593461734,1.9605361763565836,-3.0318504835228604
2019-10-21,3.0344120834568162,4.530540917247882,2.0219303627627325,-2.9666367107853047
2019-10-22,1.2592665417895663,2.8926906758780557,1.136938569408883,-4.0588244800614985
2019-10-23,-0.8227467683717875,3.658563712034731,2.6566788226137517,-3.9876644692024863
2019-10-24,0.09278106520198981,3.9218322296382175,3.2162857571681673,-3.349113806780393
2019-10-25,-1.1560443516634447,4.027787369615091,3.137895609792523,-3.6885681422602348
2019-10-26,-1.329484157805582,2.7985416936689065,2.977499680184231,-3.8033485389134523
2019-10-27,-0.3641128758463884,2.1030713362065723,1.7783939198902354,-3.6677327803856645
2019-10-28,0.9031022347240562,1.9513470576753669,0.765446938310909,-1.5472862965944802
2019-10-29,-0.17093039869692295,0.7698741265850715,1.3945275678590328,-2.738421557648886
2019-10-30,-0.02300163362215743,0.28586547621981784,0.4603076690864063,-3.5882156730782935
2019-10-31,-0.6969254028595357,-1.3137361595323573,1.584145632166951,-3.855690757402408
2019-11-01,-0.497292370267183,-2.4937186336038843,0.9267818158290974,-2.4544000055632753
2019-11-02,0.33431219210121177,-3.1475598951650867,1.8050164425799275,-0.8870883937919867
2019-11-03,0.5538485438378096,-2.4456057756685556,2.1082740304064256,0.488401525415433
2019-11-04,-1.7326832639804282,-2.152845547408865,2.2081682419102684,1.355022094762743
2019-11-05,-2.408559778668024,-0.47352264585522974,0.47069485095686914,2.134130186940645
2019-11-06,-1.6079234581627813,-1.1952982582619467,-0.16119949255149468,1.6307570606037796
2019-11-07,-0.8813471122307728,-1.953546562160593,0.11551977531807706,1.5688684911644164
2019-11-08,-1.6085972506778967,-3.01992267304945,0.009905231095970357,-0.10568718668067545
2019-11-09,-0.9744076691458894,-2.412473711907958,2.122231170916827,-0.40997975642155876
2019-11-10,0.5890552883452622,-2.477807985725536,3.938806873728213,0.5070218296448068
2019-11-11,0.621099121127038,-2.5363653628083034,4.950424758715969,-0.9584994727915599
2019-11-12,0.47292300693524736,-2.1059605423711383,6.125665820509365,-2.100861230832904
2019-11-13,0.46850402048531614,-2.3773439954768096,6.040030694421656,-1.8985457299124853
2019-11-14,0.7518656409657162,-2.248090247672463,5.576967104702197,0.432934920470889
2019-11-15,-1.809617048821818,-3.929997470872327,5.097801692890459,0.48346995519820823
2019-11-16,-1.9955785637693593,-2.7908597910640003,7.68421092242175,0.3610737788823546
2019-11-17,-2.2754318324566385,-2.077502156764801,8.118798809205071,1.161712441862719
2019-11-18,-2.5053349272377616,-1.474661523264127,9.613507630586874,0.8550546955965368
2019-11-19,-2.7764445757194722,-1.606730548933225,9.882574370119734,-0.000404721795808749
2019-11-20,-4.118385042080949,-2.236946660755638,11.178268842786467,0.5928422854250881
2019-11-21,-4.118851846725902,-2.3617027784545956,9.475075705677753,1.1318903823013016
2019-11-22,-3.2693239770835056,-2.4574342886783067,8.42322568945066,0.5796885973833662
2019-11-23,-3.983792454516774,-1.9230602207640377,9.37974552122774,1.9265380142830195
2019-11-24,-4.421576882666119,-2.469011056677218,6.781506441231031,1.561446789215455
2019-11-25,-2.439602822038104,-2.9932955023961254,5.965050217854473,2.514412597702613
2019-11-26,-1.6849153400480923,-3.41269724729322,6.715900075798164,4.088683019037057
2019-11-27,-2.455194134388761,-2.8901131247604392,6.684681058137251,4.150433178525806
2019-11-28,-2.8327062564852312,-0.8455430819970235,7.743488375302793,2.5440413959925907
2019-11-29,-2.2075092856042056,-1.1722668269805898,8.69938154563915,1.648867620462923
2019-11-30,-3.6529383834945914,-1.8049320812888094,9.4329059510282,3.7499265132989033
2019-12-01,-2.9275342121231174,-0.6407227160618145,8.778201165664676,2.210622354297355
2019-12-02,-4.732583434805157,-2.3724295273304907,8.677419300093424,1.455336849778032
2019-12-03,-3.099699457216888,-1.5299522563115229,8.359831418771329,1.8022619030201952
2019-12-04,-3.484360853323891,-1.2221516172079991,7.3134129984004295,0.20839854292809612
2019-12-05,-4.402218396976964,-1.3142236692856717,6.698302586316948,0.6697635098088186
2019-12-06,-5.2935589453100516,-3.188070045126037,6.907616838597371,0.4692887333188467
2019-12-07,-4.429634346919646,-2.9620346203433368,7.843303113209989,0.43845932628968126
2019-12-08,-4.430540727957688,-4.240723235456184,7.792220273872628,-1.1636078441354987
2019-12-09,-3.7853587661200283,-4.607410473865778,8.02305226002898,-1.3654271337244468
2019-12-10,-2.1977355048502596,-3.749229897370805,7.390189034063638,-1.1013264787776293
2019-12-11,-3.5794441921606825,-3.019356597679028,7.6496974389623045,-2.4840358315064544
2019-12-12,-4.081799430125223,-2.520845478399936,5.410232121724546,-1.4563717657300146
2019-12-13,-3.526265227185977,-2.574289863146122,7.805713474722941,-3.0293490205445046
2019-12-14,-4.592666613389385,-2.245567991780826,8.20161689425174,-3.1042249523278573
2019-12-15,-5.116037386820351,-3.07017902203736,6.139777463284982,-2.946267459869201
2019-12-16,-6.268196573820198,-2.5818516767313033,4.210564331248785,-2.4905835543290653
2019-12-17,-6.355090056404142,-3.3550772327323317,4.935783519732641,-2.780805383054356
2019-12-18,-5.064635972701969,-2.0579687389270678,4.148185965229849,-1.2363849408777032
2019-12-19,-4.5594742034992715,-1.1147125325598672,7.007726421863267,-0.4685334373374277
2019-12-20,-2.9220883747680086,-1.664247827901057,8.03833051738869,-1.193661908675341
2019-12-21,-3.923998147085502,-1.3305817188024298,8.683993343809798,-1.0980561190350813
2019-12-22,-2.7791379379046974,-2.5342187440971626,9.931266798018253,-1.2980078560048924
2019-12-23,-3.184780421043005,-3.486305588118558,9.337291943144118,-0.5935719173900269
2019-12-24,-3.9733678065591946,-3.560511113743823,9.921468616861445,-0.06495721646843522
2019-12-25,-4.389514162388348,-2.237714558668329,9.56060607287948,0.6045696425080185
2019-12-26,-5.190382473628132,-4.00398142568849,9.833085121835419,1.5565848732771705
2019-12-27,-5.70069430405326,-4.95769233270908,10.803414229152047,2.4304825230433402
2019-12-28,-4.833235479980506,-4.805077905182415,9.307394100485757,2.9810229449910848
2019-12-29,-5.672422675539569,-4.958903552241706,9.293662180244933,3.8706943974906793
2019-12-30,-5.863937269625417,-6.7831251197784,11.348916626897786,2.426656783726644
2019-12-31,-6.065007477170379,-6.616557278281099,10.773359978027068,1.890120413564705
2020-01-01,-6.754180916466333,-6.333414565191371,8.376468490347937,1.5779485081409392
2020-01-02,-7.931268436203567,-6.234798306415453,8.3831636238053,1.4959803464900383
2020-01-03,-5.509613313995344,-7.524363833359306,9.188131655247792,0.11281600635605105
2020-01-04,-6.928389439644146,-7.2007551985656795,9.229339240838568,1.4519832633685816
2020-01-05,-7.745022626128307,-7.295440106297149,7.17836905956087,2.2284762289263935
2020-01-06,-9.598599682392539,-6.880718265351026,8.642579251642648,2.220279452349826
2020-01-07,-8.678332919719239,-5.218144641886964,8.617617664914448,2.870480014255315
2020-01-08,-8.741496945893584,-6.648925569586382,8.474761710309956,3.330727880192237
2020-01-09,-7.331167100854272,-4.043947206434562,8.248083626760085,2.3124051145962294
2020-01-10,-8.078718482697905,-4.266267845467381,9.118618891539128,3.0846750082063146
2020-01-11,-9.17225564171627,-2.3690540641005713,8.554325080056346,3.8832503473447835
2020-01-12,-8.553225156276175,-4.205098799545176,8.940187560263443,4.856739850581543
2020-01-13,-7.936183473638198,-3.5402557614660153,9.467641060335342,5.5035948938843875
2020-01-14,-7.27638668781114,-2.7324540865704927,8.536454712652176,5.575082849674233
2020-01-15,-7.516844670874589,-1.582565111250041,8.946713441773525,6.360607161873705
2020-01-16,-7.172954461033915,-2.3496215671884886,8.774598508406607,5.878150998513866
2020-01-17,-7.293920594700512,-1.9294934700387305,9.78146909763367,6.527654493352458
2020-01-18,-7.181674558067389,-2.1210970956588993,10.161596564100188,6.6306513983006
2020-01-19,-6.19886705086316,-3.7055554808592692,10.605407222824113,6.689401460012699
2020-01-20,-5.701659553728514,-3.7389110315506633,10.15347456962556,6.567367266392169
2020-01-21,-5.725382501375108,-5.572257059497932,10.823827874927252,8.178743603174748
2020-01-22,-4.862247056172684,-7.080667455669138,12.245997127516365,8.14575061563598
2020-01-23,-5.676368012051761,-6.22132757699069,13.495338895801742,8.990121986021983
2020-01-24,-4.131048588818178,-6.710875894106653,14.94465819788878,9.158405549931443
2020-01-25,-4.108394694470462,-7.715138233978896,15.2069680409697,9.846644263629376
2020-01-26,-5.008663418448339,-6.769694540411475,13.582120764077747,10.343420589749636
2020-01-27,-5.353495389668426,-6.392462891449796,15.188876398728391,9.670535377927404
2020-01-28,-7.006663684321935,-6.427017654214926,15.468646593670574,10.61052362861006
2020-01-29,-7.791814623290364,-7.458374893737892,14.619423530201729,10.553586910141446
2020-01-30,-10.463594680199648,-8.165708431981672,14.44731747935548,9.37780647875973
2020-01-31,-12.72389088028687,-8.922848185859717,14.123699955837553,8.407198598220782
2020-02-01,-12.61993336939408,-9.049843817943803,14.823356653879463,10.497695821938064
2020-02-02,-11.525314217073884,-9.078499357966225,19.23595563997441,11.42044453853753
2020-02-03,-12.900636771533394,-11.31841659776677,19.325156058687153,11.86761506842173
2020-02-04,-13.364998969137256,-11.31766781953108,19.03421325981995,12.446601569578565
2020-02-05,-13.684979200559107,-11.465454313482663,20.048137101815772,13.297718059817512
2020-02-06,-11.330580768576644,-9.925847165628772,19.98797790425978,13.085500698938164
2020-02-07,-10.460076650695623,-9.581199049226122,19.762486117707066,12.37828509346747
2020-02-08,-10.46976628567849,-8.320880042563088,20.567131509867643,13.68424884894332
2020-02-09,-11.553040034220329,-8.609139234092634,20.69847048065574,13.587109965896799
2020-02-10,-10.383101174147498,-8.83131259966081,20.314249855667914,13.71538748205478
2020-02-11,-12.388327913871716,-8.626456053335241,19.72944779850641,13.720084918752086
2020-02-12,-12.825657887973277,-7.103736845267277,18.32886286165097,13.143538864405086
2020-02-13,-13.315305657894795,-6.653880241613766,17.100237323355145,13.606149218947891
2020-02-14,-12.256038927157373,-5.469575770661787,16.25386445042451,14.254144163242367
2020-02-15,-13.366696382370028,-3.9601812396215608,17.312805596992963,14.893631966899186
2020-02-16,-13.714269771551868,-5.877107884990382,15.663740597126239,14.11196836484979
2020-02-17,-14.305051424723388,-5.778910013978237,16.353093012336927,15.75792256761307
2020-02-18,-14.281093230812193,-5.114567822396248,17.14410043081894,14.375479244900705
2020-02-19,-15.22341602411082,-5.757204547670728,16.445333820701876,14.258480734944508
2020-02-20,-15.979649634687824,-6.08105372057453,17.025785323564698,14.705685830456277
2020-02-21,-16.95509672823236,-6.015749442248877,17.23397436872828,13.827399139934926
2020-02-22,-16.339263253427408,-4.521691074016773,17.71119241366534,12.595290667415037
2020-02-23,-16.242799536147984,-3.820707100127324,18.336029921719994,11.540750929128919
2020-02-24,-15.651287126652639,-3.5451605911139668,16.351618583848904,10.825164948794592
2020-02-25,-17.278239068641454,-0.7304320781334588,16.94901445984639,11.394776209108038
2020-02-26,-16.66834454008369,0.18203887658618834,17.8989711728282,9.564780442118849
2020-02-27,-14.882975940883243,-0.4174694540567283,17.907798467453958,9.634045888561083
2020-02-28,-14.790005292028232,-0.44570611247139674,18.237440215193477,9.525112980311885
2020-02-29,-15.6026928809896,0.8381230257797689,18.309030464952066,9.770781295548199
2020-03-01,-15.640158666429322,1.0898168149840655,17.18422101124424,9.659850103860759
2020-03-02,-16.04540409841238,1.342230281720369,17.228985152608843,10.572511694944962
2020-03-03,-17.00956229799452,0.3501634127317629,16.418543117008795,10.11640516488595
2020-03-04,-16.029147888933874,-0.323948972504302,18.18901398581986,8.668904142982765
2020-03-05,-14.856297486640923,-0.26810740034741926,19.339378277294134,8.91467295718157
2020-03-06,-17.797312676542997,2.1760138712648973,17.9896215854306,7.49990636953807
2020-03-07,-19.263604292484562,1.116488892754412,19.367555002184538,7.926508939531129
2020-03-08,-19.69464884290105,1.9143389552359915,20.918308722405023,7.767889812924303
2020-03-09,-19.695562832637034,2.1002646186778016,19.336990185154466,7.650010541148434
2020-03-10,-20.434183853125226,1.4005704071911254,18.560135308883464,7.307377769434437
2020-03-11,-18.99562814777625,2.008284425155543,19.451088924977345,7.320700841001085
2020-03-12,-19.61141909657266,2.1227943216009852,18.542280090797966,6.193312458513511
2020-03-13,-17.64208298489244,1.5676762439064769,17.99574545717218,4.988754152281104
2020-03-14,-16.88741062358341,1.0635106867565585,18.921601781600895,4.143924704456855
2020-03-15,-17.077345717536353,-0.07802433070722747,19.440199283269386,4.623889561406167
2020-03-16,-15.896904091730503,0.00291323796524183,19.453991740858807,5.241298976813141
2020-03-17,-16.53849436000599,-1.142319874197179,18.262538158246407,5.749742472302586
2020-03-18,-15.926894240142072,-0.9054512191200241,18.363055739608402,5.058458942979585
2020-03-19,-16.68598360093488,-0.5127316850572257,18.849958358651307,4.174224418838545
2020-03-20,-17.103893030951948,-0.7192144309248862,19.715340661225866,5.050528242520378
2020-03-21,-17.74054513683696,-1.9364795286715575,19.51701066487948,6.039645059250198
2020-03-22,-17.719455158991874,-1.290867926508437,20.34441067573103,5.914505921151861
2020-03-23,-17.65032188575087,-0.7972406748455066,18.786959247778537,4.811940221139614
2020-03-24,-16.845286720056485,-0.2266190884493151,18.6008486457865,5.207108541546704
2020-03-25,-15.467986526262878,0.27949622059047163,19.869596676009788,4.909755625179402
2020-03-26,-15.50292144216318,1.0573764576700793,19.823880230616435,4.454035461633771
2020-03-27,-14.359766118969276,0.9057761780968675,19.680079003593246,5.137750770894089
2020-03-28,-16.247640060245423,-0.20445464556531834,18.412441771717692,4.714116088184611
2020-03-29,-16.623976816613123,-0.140670719938366,17.98023608325258,5.2381667449489795
2020-03-30,-16.829133193191904,-1.4879370049216702,18.533999213297594,5.267443841999719
2020-03-31,-15.86259252100401,0.15663650058516132,16.233758179711238,4.242311457240135
2020-04-01,-15.766574792165994,-0.1172837024018199,16.294200250209496,4.333670979085494
2020-04-02,-16.240749847248228,-0.7611312402042598,16.657420859763537,3.994250745821364
2020-04-03,-13.839009569942519,-1.0429013135273302,17.011584285480488,4.157470340688843
2020-04-04,-15.494132923344944,-0.44644132809643433,17.046041124592016,3.019529980019213
2020-04-05,-13.799601925866368,-1.5502534641677201,16.24951251078106,4.155446979169598
2020-04-06,-13.189910470153425,-2.7097290161246668,14.78643242486804,5.508391685567863
2020-04-07,-12.711826031295393,-3.1476736835713757,14.91792370224547,4.386279536953922
2020-04-08,-14.066878662126847,-3.4774227769796764,15.79917860277487,4.6089209226039625
2020-04-09,-13.320064107909769,-1.7869824071637768,15.573741608574887,5.672234593621807
2020-04-10,-14.42604395724522,-0.15358788018533187,14.549654551759602,6.463683346160994
2020-04-11,-15.56357260135749,0.015659283546734903,14.048139269516431,5.388165377176627
2020-04-12,-16.458950286939913,-1.2318436855412551,13.637546540561834,5.611584536108721
2020-04-13,-16.82002918474731,0.3764304787521089,14.120143261865886,4.838371043557934
2020-04-14,-17.03481187120792,-0.18245554804195407,14.135397822354452,3.916189011670508
2020-04-15,-17.376230536884805,2.0149969850986933,14.399783644381413,4.760853367270963
2020-04-16,-18.22559733171617,2.8814164389295165,15.581973159768413,4.167177945229894
2020-04-17,-17.730156019863138,3.8794654601804024,16.64005601529636,4.509708994376398
2020-04-18,-17.220104605595814,3.524143503689679,18.25216184701966,4.70042034322434
2020-04-19,-16.53813373641161,2.218366866314204,18.315838998733028,4.749661709882631
2020-04-20,-15.844296098717852,2.3611402973081552,16.35498499934101,5.484871191390308
2020-04-21,-15.50576511836099,2.740399148489151,16.63170809385099,4.706439662911267
2020-04-22,-15.20057208175272,2.03311590797163,17.694039282927523,2.045412880903647
2020-04-23,-14.616095323054656,1.7693277214697325,18.86028408215291,1.6125291995552886
2020-04-24,-13.570229132492084,3.5157470842181895,18.68899409724553,0.33786998392600176
2020-04-25,-13.916068136551196,1.232488972530975,19.049909407819676,0.2805461340800168
2020-04-26,-14.090786322568407,1.6203411102987868,17.177327080338426,1.3930895436136772
2020-04-27,-13.010125848523817,0.6129032366089371,17.649568250012987,1.2311121903225901
2020-04-28,-14.367645674029081,0.7133266285464093,19.37330125304468,1.558090016961695
2020-04-29,-15.18939971173962,0.8869166561725568,19.413801047060222,0.3521193374165579
2020-04-30,-14.091711308832673,0.6545020664860121,18.88592411429537,0.6593240367648223
2020-05-01,-15.213597793066755,1.2287280108392589,21.318613505683537,-0.5849735760061492
2020-05-02,-14.757244373672844,2.3933244898420574,19.909221677662792,-2.2964868843991866
2020-05-03,-16.14435070555515,2.433578798531592,19.040377402168307,-2.696512472926469
2020-05-04,-15.09128226890173,4.046525258995013,19.699114553799735,-2.5787348740461633
2020-05-05,-17.385448243149135,4.097612797510664,18.72714143842127,-2.851918588482658
2020-05-06,-17.97868123945102,5.093499633313778,18.50201867463881,-3.3966987131902
2020-05-07,-17.13453806135447,5.981507342440918,18.185769365712954,-3.591331036615152
2020-05-08,-16.818230232831098,6.227886956825013,19.14216603547828,-3.507790781811147
2020-05-09,-19.1800338290691,7.185422328469633,17.19676480466384,-2.68599608792511
2020-05-10,-19.494188496189594,6.067451718617906,19.063863042005664,-0.8063278565039547
2020-05-11,-20.34725898571889,7.021294333446692,18.759036931479177,0.2764723270685183
2020-05-12,-20.722608613669095,6.058918670703859,18.73566803262209,0.5215907174522334
2020-05-13,-21.49686546156255,5.990196643570666,19.748589795975718,0.31633939863338423
2020-05-14,-22.008887338290993,5.0229995567416115,20.11352112486541,1.5511463390938465
2020-05-15,-21.622567161252597,4.947256718065795,20.205105008239332,0.37258496906699357
2020-05-16,-20.835432401035337,5.860726920927371,20.40830176633785,-0.05583842525461563
2020-05-17,-21.03049036884899,4.6269976052668325,21.71931193474745,1.3433737067191613
2020-05-18,-23.296210195651337,3.5338038244916588,21.48052539034692,1.016327561757761
2020-05-19,-24.09242072720571,3.7234885413887695,21.280974141333857,0.7247281331279802
2020-05-20,-22.98199300065169,2.7542373199640573,21.64569900973944,-1.3574815917054914
2020-05-21,-23.044140288538568,2.2926195618484386,20.42585743991355,-3.092794754844418
2020-05-22,-23.31196346932191,1.168949733068786,19.332786047965815,-1.3827920870435295
2020-05-23,-24.02988918443084,0.4016436741897347,21.052701465294913,0.8748444283126293
2020-05-24,-25.072650405477614,1.0831648414179642,20.726019375656097,-0.8924508269582014
2020-05-25,-24.385252780323643,0.44096662965628286,21.979418435324632,2.1336489987478364
2020-05-26,-23.77157604506,0.5146178541848083,21.061122409934573,0.9650533115946467
2020-05-27,-25.17109604196062,0.7293615308340116,22.584719557520618,1.2978692635540825
2020-05-28,-24.47147804534511,1.7384354490784257,21.874549393020132,-0.14771135835496274
2020-05-29,-24.440514100942494,0.39893053719328897,21.62289093906332,0.5038415716235636
2020-05-30,-23.163341823073964,0.31885576167056373,22.18810563212246,0.6417096445901935
2020-05-31,-22.686416241256456,0.018812674854900957,20.58550143079315,-0.33919964435586014
2020-06-01,-22.599982264954065,-0.6886639671725259,20.42123327792612,-0.1983469361925551
2020-06-02,-21.66430425192824,-2.7924475287676476,20.34227726514627,-0.2855693956304199
2020-06-03,-21.692761158207798,-5.071844082706146,20.24517347366492,0.8597473517510696
2020-06-04,-21.7301392200044,-6.181039196877927,21.632286508172225,-0.5286287011421855
2020-06-05,-21.7169329209521,-6.689515039020781,21.591176269275085,-0.9395418287820463
2020-06-06,-21.374457516940318,-9.093140262555899,21.650293053672826,-0.31636207686308626
2020-06-07,-20.593615941592468,-9.177202116021569,20.44617806883437,0.2804421016114711
2020-06-08,-20.62375292359978,-7.759637182754866,23.865276594301843,0.025059781520163804
2020-06-09,-20.737079728887043,-7.910721330867087,23.715670230011884,0.42740918003039957
2020-06-10,-20.25713981188731,-6.395233145175784,25.66435248051132,0.5634140171909109
2020-06-11,-19.851933484132246,-8.187908693289298,26.12655969207571,-0.8099361063448026
2020-06-12,-18.955120031049947,-7.1841689189799,25.809685096827074,-1.1143362944772097
2020-06-13,-18.55142099681349,-7.850832285920921,26.469261017756367,0.08340959887778099
2020-06-14,-19.36963090596445,-7.1359287590598965,23.08691763882816,-1.1239823199654795
2020-06-15,-19.532048292644312,-7.7613567239490395,23.849456628979215,-0.5701177448472642
2020-06-16,-19.00559402054021,-7.590362902748981,22.14065427469433,-0.20698036831564237
2020-06-17,-19.762811487428305,-7.0532133126396195,23.439802819701075,-0.5488986065540701
2020-06-18,-20.718900304331942,-5.783410645545787,24.565943534426026,-2.7608053924529603
2020-06-19,-20.59584012633826,-5.6138033093195,25.28343300582724,-2.88545482034913
2020-06-20,-22.561718284997593,-5.640844656776938,25.869316741690586,-3.173555040196006
2020-06-21,-19.9519951791307,-5.140592727082043,25.04812450502976,-2.931976667415263
2020-06-22,-19.72205236271432,-5.879537683526763,26.55206875378932,-3.1284924071806337
2020-06-23,-18.529179993251496,-5.235574179713001,25.938747572958086,-3.3147304516534057
2020-06-24,-19.346472297423833,-6.5748121221443725,24.793648129402687,-3.584512376376586
2020-06-25,-18.380272603974344,-6.26718475192959,23.52955929193053,-2.1739317767101207
2020-06-26,-16.661945852910268,-4.882382546274925,24.921186956204412,-1.7426248577269945
2020-06-27,-17.676115933094614,-4.388776886424219,24.429712573986862,-2.468186965947142
2020-06-28,-18.775800173316338,-6.12739723538331,25.069952092064856,-4.115684912276734
2020-06-29,-17.65926994154316,-5.805355748919027,25.856177128303415,-4.780615194550939
2020-06-30,-17.38732618187771,-5.462999882826963,25.45495005674008,-5.091535757060442
2020-07-01,-19.766618477486634,-6.152189918369713,24.574936189996528,-4.995315329848243
2020-07-02,-22.309078607326,-6.295551227827911,25.130031987960177,-5.903997321843301
2020-07-03,-22.713289053896485,-6.4971704848192,25.819775298557396,-5.729823469629353
2020-07-04,-23.682736726624512,-5.065545607793352,25.89890381337871,-6.509678702072825
2020-07-05,-26.095866830367278,-5.953096979217683,25.11931609320185,-7.488345620268353
2020-07-06,-27.94696040585205,-5.6204504551567345,23.652729068261955,-8.305650436087785
2020-07-07,-28.850249585417156,-5.50193376403811,22.562820724451633,-5.9742133370873916
2020-07-08,-28.00305837685593,-6.15489527492655,21.409754150684154,-5.832710104488242
2020-07-09,-27.513459102289794,-6.233394355003155,23.561697093842746,-6.5546475606021595
2020-07-10,-28.152020174021736,-6.313819416444802,21.80042199395617,-6.665836290294714
2020-07-11,-27.193863397538586,-6.946991678746668,21.787327331618773,-6.4660197530058605
2020-07-12,-27.57966639526602,-6.3742407424704615,21.12048688035541,-5.029831946438463
2020-07-13,-27.956554230693314,-6.104488894117976,21.088320379040994,-3.491227286379121
2020-07-14,-27.23805417255055,-6.170182820272535,20.51678050976075,-3.790391169303234
2020-07-15,-26.84655685561091,-7.1013000307233245,20.16084931695452,-3.9364165492641408
2020-07-16,-27.26996692268008,-7.734533215855894,19.377753518771325,-2.7943162218851607
2020-07-17,-29.282813182027287,-7.693647589143924,18.181037806993714,-2.101327714615553
2020-07-18,-28.66467924024717,-6.770638792107392,17.776298078221185,-2.2935342619670442
2020-07-19,-29.678464020750823,-6.39927529435656,18.406191203319246,-1.6638029103476826
2020-07-20,-28.327762943177355,-5.494823698225559,17.568562946338314,-1.3413148502134713
2020-07-21,-27.748056116011778,-6.506742783104103,18.323089377707817,-0.08565422259261002
2020-07-22,-28.486252903146703,-7.474416482853685,19.35276369380288,-0.3187761009649849
2020-07-23,-26.415657907480938,-6.868992952196995,20.426767463203433,-1.0023605319173374
2020-07-24,-26.723617160199787,-6.153443930369843,19.383791759502603,-1.7794903855949398
2020-07-25,-27.34958112061872,-5.801122538831359,19.290329625515316,-2.8119447310017
2020-07-26,-26.729857487731213,-4.814244459291704,17.762480853420985,-2.311542789469354
2020-07-27,-27.113291614397102,-3.5615167221427884,16.62419453369516,-2.4768872522224714
2020-07-28,-27.45140123692569,-6.303845733417491,18.213211353938604,-4.895308286711246
2020-07-29,-26.784222953131085,-6.962101171485549,18.891153812216047,-5.150486658914816
2020-07-30,-26.0759688969514,-6.705531622561878,18.88404865016499,-5.1284920739589115
2020-07-31,-26.987991984185207,-6.1317770415104125,19.21650821844772,-7.0267219367693015
2020-08-01,-25.82644471168876,-6.381355651307447,19.41437712517585,-6.847261196957734
2020-08-02,-26.40599860097226,-7.081973498312191,19.165228453959077,-6.54334718413414
2020-08-03,-26.612186489479754,-6.452581582423399,18.47715972600566,-8.145102846300516
2020-08-04,-27.827061753630012,-4.470318885227483,17.057033584895255,-7.522958736204629
2020-08-05,-29.231600255460577,-6.176895502755208,18.285478680007184,-6.197434438717388
2020-08-06,-28.50350360811791,-7.3229527488852675,19.022605805456656,-7.410165711319672
2020-08-07,-28.23339932212115,-6.842870795254038,18.727612122852236,-6.8815560358034915
2020-08-08,-28.5790615954582,-8.267723832700371,17.691877768898568,-6.177173337859043
2020-08-09,-29.761674746509378,-6.588692736988687,19.219280525855055,-6.621219114496119
2020-08-10,-28.639235033877924,-6.531075699558499,18.10071333700274,-6.509947893299168
2020-08-11,-27.40693141466661,-5.476880948201988,19.635679138522374,-7.123476737949838
2020-08-12,-27.585303446712327,-4.551179876059768,20.803308923535635,-6.2992080512296456
2020-08-13,-28.79424894550652,-4.534586139629713,19.442451740351615,-7.499967107688759
2020-08-14,-28.863218673707944,-4.100311316733846,18.861409000092504,-6.75696466793276
2020-08-15,-29.10440197201315,-4.2408143033721695,17.880420053034843,-6.671595500634162
2020-08-16,-30.0368673920498,-6.229036821777073,18.698553629736534,-7.732965766320223
2020-08-17,-31.084349798023684,-6.2180931501767525,17.843201010988803,-9.98697889807148
2020-08-18,-31.258257336349654,-5.654079382423359,18.42348250068221,-9.529695821382886
2020-08-19,-30.631477305271865,-4.70649010581301,17.594728318084005,-9.012277190700523
2020-08-20,-27.62964256222121,-5.0540105498807,15.76466604714466,-9.050687946449951
2020-08-21,-28.052595381082735,-6.231635140766191,15.57645906715897,-8.630683430242176
2020-08-22,-26.959694930262366,-5.882274513604125,15.004634276754995,-8.924398421095558
2020-08-23,-25.972801856363628,-6.195766759547956,13.350145142098555,-9.096166839655364
2020-08-24,-26.208631625644706,-5.3413104888253,14.132650944275843,-9.287660997423753
2020-08-25,-25.400497956023994,-5.518829547160085,13.935340312370272,-8.403111682404148
2020-08-26,-25.374687842260688,-6.1357696211783095,13.954850911380879,-9.293951930166887
2020-08-27,-25.5347293252777,-6.723498970304657,13.112060390258092,-9.386415913836286
2020-08-28,-24.093902276580717,-7.819884471924255,13.473186296107777,-8.111172618330642
2020-08-29,-24.416594041742016,-7.791527755114293,13.72306965537911,-8.336894979570344
2020-08-30,-24.454539020962244,-9.64215636292539,14.07185350452729,-8.341767613004777
2020-08-31,-22.321215390362692,-9.001293502604682,14.409828712811455,-7.501999281196815
2020-09-01,-22.21218849948795,-8.97069251808647,15.000830182593127,-6.572509194609275
2020-09-02,-20.236706386217918,-8.48640384928793,15.520815721755797,-7.824646711624917
2020-09-03,-19.04819968926321,-10.05522487487466,15.471733164441684,-7.840358114837944
2020-09-04,-19.927207178187,-11.619024407123522,15.35591519647251,-9.025710096801454
2020-09-05,-20.231985766122428,-11.891396951038079,17.056500164645104,-7.769874425415617
2020-09-06,-21.156826932287757,-11.410485605522116,16.567141284423098,-8.212177049672551
2020-09-07,-21.179482937290796,-12.49400426853392,16.90592306673121,-8.224043536742041
2020-09-08,-20.221773625209824,-11.31754530691514,16.85446543641221,-7.477539725784361
2020-09-09,-20.85986943274652,-10.963696824787238,15.835252299437148,-5.802659446881976
2020-09-10,-20.834966326277527,-12.16155041088333,13.822333073302964,-3.5650427213852898
2020-09-11,-20.765125432617747,-12.138950174501748,13.612786717398869,-3.198212766816632
2020-09-12,-21.709714873003907,-11.987846426818964,15.97511039092549,-2.4917774793556875
2020-09-13,-21.448914609488824,-12.729132873147583,15.978282571282543,-1.4330321171251672
2020-09-14,-21.907142929209897,-14.402208122034725,17.90612695538631,-1.8009161418721615
2020-09-15,-22.071225206721284,-13.216756900577376,17.50206587756375,-2.335969732613994
2020-09-16,-22.1269237126039,-13.820568400855747,18.77788431038704,-3.9037541470806927
2020-09-17,-20.951973747850726,-14.423816944077787,19.72673626721017,-3.595311916633166
2020-09-18,-19.840442300142836,-16.214500450538658,19.36903909520598,-4.957039728856776
2020-09-19,-17.73504478926954,-15.958924488362499,18.333416920751432,-5.4978783059814225
2020-09-20,-17.837255229346486,-14.464572699672617,17.34016831927111,-7.319431329480542
2020-09-21,-18.281882054214726,-14.44117194555761,17.23491463447563,-5.253039887205592
2020-09-22,-18.89858076515909,-14.076910193210633,17.46333344989071,-4.32854760426291
2020-09-23,-20.054870829457688,-15.068186779714022,19.84615280129809,-4.576046048530024
2020-09-24,-19.73481233837275,-15.057741467092224,19.214374747083045,-3.9897828125591968
2020-09-25,-20.656596162479858,-13.413257290993315,18.5835314985089,-3.5810021411653925
2020-09-26,-21.900007787734715,-15.255217441669238,17.913796388425602,-4.06495645909517
2020-09-27,-24.314850263896865,-15.398662418908003,17.52009012895632,-3.7501889654076748
2020-09-28,-25.40199884124252,-14.797379154987409,16.72660513100378,-5.332559025985536
2020-09-29,-25.544376654867264,-13.552617116305777,15.889477464770891,-6.286640948134674
2020-09-30,-25.840737700178348,-12.802213159579289,14.655304190519967,-6.283068586181044
2020-10-01,-25.134758298083625,-13.553039768500605,17.195581022961257,-5.625588929928892
2020-10-02,-26.0340022112292,-13.156014683713384,17.30261670433744,-5.2927843400794785
2020-10-03,-27.315133441663228,-13.173517092566948,17.732786737683664,-4.009899447179585
2020-10-04,-27.470000911937156,-14.604341117628403,17.645127465311937,-4.157693004751122
2020-10-05,-26.833364422418924,-15.238889498939885,16.97795481466692,-4.039896398171361
2020-10-06,-25.553079206544194,-14.059016523498627,16.306690337320354,-2.7934535320692873
2020-10-07,-25.761695576308167,-14.206020160095642,17.64898596753013,-3.3632861681887856
2020-10-08,-26.245197787369577,-14.066389930566165,18.393770650909943,-3.6957730204085264
2020-10-09,-26.77008886748391,-13.098681387934507,18.88756201423132,-4.2224483084316
2020-10-10,-26.349218124370573,-12.680587931213706,18.994499528827284,-3.093361434587816
2020-10-11,-26.806645307773895,-13.300290508055982,20.816453516161534,-1.4145651909714265
2020-10-12,-26.492562491357475,-11.878686682089329,21.200227283262592,-1.2284724988632318
2020-10-13,-27.228947565811076,-13.59274244174675,20.492970939408455,-0.07523290241126368
2020-10-14,-29.376032662407006,-13.357407231036584,20.533750935373245,0.5525760979981225
2020-10-15,-30.194861725105213,-12.386961255649839,21.654381941449124,0.16242633684199242
2020-10-16,-30.645253433979143,-11.912375319795075,20.49956406809673,-0.7611830586471111
2020-10-17,-29.023429126955808,-12.85670446817441,18.964483349559586,-0.2658494746089552
2020-10-18,-28.041902680751416,-14.259571436222787,19.17780247696703,0.34611511142357926
2020-10-19,-27.603638753384818,-15.211555703629102,19.099671911628587,-0.3949776931751188
2020-10-20,-27.458817177051902,-13.447677984272639,18.902010280684607,-0.36398788672324334
2020-10-21,-25.763536398475026,-15.20321499665575,21.092808016570018,-1.2134116444596084
2020-10-22,-27.21460703197678,-15.001960805405393,19.966884973843527,-2.9055938001997714
2020-10-23,-26.351792644009745,-15.065538144065478,19.90719739037067,-1.6836123824278728
2020-10-24,-27.343807364694975,-15.164095385063993,19.2958503353195,-1.4319766106393759
2020-10-25,-26.93778676349658,-15.860047169806947,17.948573182925895,-4.117262231799053
2020-10-26,-26.779153741350946,-15.492481136908536,16.785150620450715,-4.242511796541437
2020-10-27,-26.39236489323101,-15.025355261028992,16.81772136173248,-5.3880014787277375
2020-10-28,-26.876523418057225,-14.293313326725574,15.566690976546132,-5.6074814845986
2020-10-29,-28.63121578904339,-14.315810030302172,16.9987268916243,-6.801027050483526
2020-10-30,-26.517087500901226,-15.519103249366164,14.889605433470535,-8.250936720291786
2020-10-31,-27.412964956481954,-14.342729118467371,13.946632798288887,-6.50161643563664
2020-11-01,-27.642694960335373,-13.521946401493262,15.071135436141189,-6.385328297822043
2020-11-02,-25.949128101194702,-12.608144275403808,15.086098875146138,-6.636961646661952
2020-11-03,-25.40592436788812,-12.437677755476118,15.979753397468413,-6.0464270139491205
2020-11-04,-25.402584603860554,-13.217192096891164,15.009641823732204,-5.783069427532654
2020-11-05,-24.665663249115358,-11.827160619461914,14.143557531879207,-7.585205823180489
2020-11-06,-24.746570702833086,-11.61281292231835,13.494050990890397,-9.232453981472329
2020-11-07,-24.183689550773384,-11.663899058359853,11.975039434969364,-9.95722701713193
2020-11-08,-23.92678902080754,-13.52433733251169,11.86534075830479,-9.77760956978015
2020-11-09,-23.708807590071235,-16.003225490979418,11.04202701585525,-8.59071989113493
2020-11-10,-23.8714788771896,-15.900269654704237,11.463305509531745,-7.992144046557022
2020-11-11,-23.908118833863018,-14.158431145638556,12.78449827000001,-8.106109312501417
2020-11-12,-23.34304323020435,-14.58616312458548,11.438348032420985,-7.598117772474325
2020-11-13,-23.551541955156196,-14.497551168582806,10.491246728274511,-8.030068844421033
2020-11-14,-22.500257045590775,-16.116548092107287,11.088385387993318,-7.564990574192807
2020-11-15,-20.48156320486743,-14.694140919608136,12.361600063057429,-8.612145994833169
2020-11-16,-21.523667189914654,-13.834613288718877,12.797686154689426,-9.90385401031384
2020-11-17,-21.22089687174979,-12.097825294478765,12.061048713680341,-12.124219480375704
2020-11-18,-21.62677605233891,-11.585353511088387,10.614800537571314,-11.604311069984629
2020-11-19,-21.240375697086773,-11.317612153692167,9.846730412323234,-11.143968844164766
2020-11-20,-21.368704205101256,-11.918637324514535,11.893392611225503,-10.89412523407628
2020-11-21,-20.575703270955863,-11.243319458545082,10.003804989208726,-9.774428274136492
2020-11-22,-20.797528677692107,-10.634256287738294,9.883755166190024,-9.078784930169062
2020-11-23,-20.248090452895976,-11.90076383374472,9.708105296558921,-10.39880670882975
2020-11-24,-21.59978192906833,-10.94260764609621,11.661672610495735,-10.794809387142099
2020-11-25,-22.420675383694622,-10.861452155997712,12.590814978863872,-10.869710334184866
2020-11-26,-22.885938049408075,-10.316829710462748,12.828761548357015,-10.865266058257678
2020-11-27,-22.14097876647604,-11.45572259178629,12.470688112295093,-12.175674242847926
2020-11-28,-22.197126993271624,-11.674738068059254,10.1379417869071,-12.1706478518227
2020-11-29,-21.884023135242803,-12.588257725497995,10.049794938164892,-11.48100899998612
2020-11-30,-22.30624517156056,-12.429264621310383,10.413471502046772,-12.262071436782367
2020-12-01,-23.129402390959328,-11.65681047009606,10.962975902355144,-11.501260368113938
2020-12-02,-24.711450176051073,-11.294779229498747,10.41914406573615,-12.19749716406652
2020-12-03,-23.57795660666649,-11.22907092873136,11.06024514584857,-12.550842357519784
2020-12-04,-23.70964762598425,-11.40996656130794,12.381482481633324,-12.334425010023557
2020-12-05,-22.541171687063205,-11.93608790921989,12.37296290744747,-12.555356038532144
2020-12-06,-24.38499682830569,-11.8790552692201,15.005552002141743,-12.804661880667169
2020-12-07,-25.31669898763275,-10.384578066120735,14.452574202823667,-12.968808488958041
2020-12-08,-25.241888555857305,-11.041871927586456,14.97877456926756,-11.691196051704168
2020-12-09,-26.268410163985035,-12.061129364350023,15.530802727780843,-10.75918786642519
2020-12-10,-25.040925127766865,-12.966238588193114,15.976185450142303,-11.189972102708568
2020-12-11,-26.11463489506846,-12.37489001450097,17.12195949288924,-9.93942237806692
2020-12-12,-25.2729985797618,-11.456123385048492,15.818833783130533,-10.358791028695705
2020-12-13,-25.673245908463024,-12.629262951197633,16.35153745490417,-12.786133721732142
2020-12-14,-25.318943513742873,-12.998536468913507,15.687291007852698,-12.464110326822812
2020-12-15,-24.943425852085642,-12.387152234477554,15.640028121849271,-12.266130475299967
2020-12-16,-25.141605942236474,-12.358108016622712,15.7241295028302,-11.658216863668441
2020-12-17,-24.76489946324607,-12.1393213717991,16.120397655964673,-11.355428685708114
2020-12-18,-24.615071701629105,-13.435231953123674,16.917864652531073,-10.809106020054932
2020-12-19,-26.520718601586022,-14.235651160793081,16.54743776392533,-10.402012641419198
2020-12-20,-26.586589653472554,-12.393171773161345,15.782061821606229,-10.753940977503513
2020-12-21,-25.3112065594467,-12.898921353137853,15.407833753970348,-10.887935797179633
2020-12-22,-24.415359008631892,-11.450178682599388,15.313150986735593,-12.750873607140226
2020-12-23,-24.745173663386694,-12.314762674363372,14.908898886512874,-11.770445400884332
2020-12-24,-24.86348432549377,-12.033395537099672,15.872830624361196,-12.378479342497048
2020-12-25,-25.62720563274326,-12.006131742474361,15.302810135967874,-12.711773394313248
2020-12-26,-27.97194162262763,-12.284665093608243,13.211277958660538,-11.974824695311495
2020-12-27,-27.130947830122487,-11.813750500405154,14.663924244184843,-11.909198705766856
2020-12-28,-26.92196394212133,-11.700432073947761,14.342943883304516,-13.842384057991756
2020-12-29,-25.810708948557878,-12.723204527880256,15.020404292453021,-14.369647700574022
2020-12-30,-25.482464597007834,-13.789148617395517,14.23553293517063,-13.775389915652891
2020-12-31,-24.902811603758202,-13.098505596857589,15.354359999311082,-13.70697205874969
2021-01-01,-24.83654432806059,-13.039084917746717,14.38152648363566,-12.277900132786355
2021-01-02,-25.890222835057063,-10.500809673040543,13.83761624359228,-12.411363242988145
2021-01-03,-25.12918580879135,-11.326581946265739,14.268202497027795,-12.09705826748029
2021-01-04,-23.31355370746123,-12.799359216077177,13.775028099416346,-12.122132180049551
2021-01-05,-22.1868329666912,-12.779322847643073,14.19483390810396,-11.679089662410988
2021-01-06,-21.990577521488078,-13.53522725224797,14.9568481259152,-12.231765335596236
2021-01-07,-23.908156040952825,-14.480064631361712,14.503653214714726,-11.73388982649721
2021-01-08,-22.897125155441266,-15.579922399742948,13.317469926603401,-9.812313515304645
2021-01-09,-22.616271011005928,-15.21304465389052,12.376224252883258,-9.57989676847383
2021-01-10,-22.129979276035584,-15.400081900724627,13.044173615051017,-9.110254231416095
2021-01-11,-21.761350569073763,-14.928224411740247,14.184433657603558,-9.638005776127576
2021-01-12,-19.513848324646553,-16.413515794587425,14.627403065295336,-9.30660348312457
2021-01-13,-19.999964135936054,-16.27260072350562,14.213994147174278,-7.730520728861143
2021-01-14,-18.319266210583653,-17.064388228330262,13.903284539593079,-7.47575732280255
2021-01-15,-19.529897886580294,-17.762217058766147,12.741443027301328,-9.220348888447726
2021-01-16,-18.67221791068586,-19.234918636216406,13.996972124916045,-8.73413992736412
2021-01-17,-18.343847871261573,-19.72816111874772,12.826445840188207,-8.2555517301726
2021-01-18,-18.111761476329814,-20.60415888883168,13.386382607870468,-7.776697485425229
2021-01-19,-17.292011741796216,-21.13447661774348,13.695393131631327,-8.082804062149698
2021-01-20,-17.731282710884358,-20.99029112597274,14.798244934286078,-7.610348973367223
2021-01-21,-16.760408201009415,-19.33412443153153,15.570678656092184,-8.060338405089665
2021-01-22,-16.95857042946418,-20.31424163074379,17.501290581508922,-6.814781667477003
2021-01-23,-18.63350746783859,-20.668381824461825,16.958785890492372,-8.556897287571303
2021-01-24,-18.76285781068118,-21.390923877251552,15.02747567734436,-8.576615682276602
2021-01-25,-17.791616836339028,-22.17747638217988,15.417987557713204,-8.754263750983368
2021-01-26,-18.788217576820145,-23.32216137201616,14.943077782616436,-10.206676982406245
2021-01-27,-18.548838043600394,-22.41344543273249,14.9566045530585,-10.179820003507093
2021-01-28,-17.66029143770745,-21.829211466310657,14.518116347440152,-10.687687174133577
2021-01-29,-16.862461932537652,-22.86109490939913,13.29715133026454,-11.863188086963039
2021-01-30,-15.878429284574185,-21.940215289672896,13.74323704842392,-11.363764669538226
2021-01-31,-15.774195060151118,-20.681704706921018,14.504916357217338,-10.522643707173833
2021-02-01,-15.232887779444383,-21.180318821786607,14.668569585682782,-10.121206324859257
2021-02-02,-14.688592111816387,-20.8936988705579,13.656347882800919,-8.507269277198317
2021-02-03,-15.164476056908502,-21.178672506908036,15.599010530194892,-9.432438192733137
2021-02-04,-14.327816227068919,-21.536330375420352,16.18991873063443,-9.95024654159414
2021-02-05,-15.391131897391215,-21.36195249038108,14.807872887230166,-11.666037079846589
2021-02-06,-15.807977559287405,-21.340213356443385,14.2079606276815,-10.989960164158534
2021-02-07,-13.909391804846589,-21.121133074207783,14.062710497397708,-11.726457286489389
2021-02-08,-12.429403228130836,-21.22750891923463,14.707318147708975,-12.446008708137551
2021-02-09,-12.275185150689751,-20.40626915828745,15.531218268926889,-12.104042332385117
2021-02-10,-11.619950968500888,-20.349535660413817,14.18568051351219,-15.179811002947094
2021-02-11,-12.891365953827451,-20.87831515989689,13.525186845840594,-14.17262463160649
2021-02-12,-13.476358971996092,-20.121482681410384,13.232105002140136,-14.772942226080152
2021-02-13,-13.276803029885336,-20.79476509737515,12.94675030222764,-15.29989083734318
2021-02-14,-12.951620641387454,-22.088348720577578,13.413599100509702,-16.536969610961776
2021-02-15,-13.071399700102916,-23.435909642767097,12.626725344922322,-15.603902621525009
2021-02-16,-12.787768904724034,-23.052221001320806,12.080330253570887,-15.785819492652063
2021-02-17,-11.938651631884182,-21.257997526541274,12.586380422237156,-14.943185358417768
2021-02-18,-11.592628101538208,-21.468224346616054,12.705731572406515,-14.657130859000656
2021-02-19,-12.11646184188591,-21.069905755017615,11.919145400564348,-15.039579443125804
2021-02-20,-11.444908097607584,-22.988759702217266,12.657071038722972,-14.444131200225966
2021-02-21,-10.322100388048067,-22.712300681714662,12.96609732172137,-16.192039459291653
2021-02-22,-8.540389436740966,-22.91809120248334,13.684502973532778,-14.176326922602163
2021-02-23,-7.3663475021203,-23.000477869922047,11.393621668428686,-13.648714520930938
2021-02-24,-7.407974287262865,-22.571133383797594,11.372808573774963,-15.34545590707558
2021-02-25,-6.96494929237176,-22.034599297419543,12.801597357375407,-15.564050126143975
2021-02-26,-7.406173735141632,-20.12434060369524,13.020359375488304,-16.098034166200996
2021-02-27,-6.153048530858451,-20.54946845889569,11.000975333697129,-15.182082954482066
2021-02-28,-8.057641235380157,-18.670792420628544,11.95636827074812,-16.017681158377243
2021-03-01,-7.460338349523616,-18.664342541117424,10.990426894938038,-16.419342927743486
2021-03-02,-7.446115382827723,-19.774113707545645,12.05356812824762,-17.09514565701962
2021-03-03,-8.955504925638893,-19.211616817747913,9.973973344453743,-17.781533256245947
2021-03-04,-10.185693937453573,-19.159034197885088,10.328118143435708,-18.036471587086915
2021-03-05,-9.895877265682788,-19.264350461581184,11.762445200532001,-18.537505841738827
2021-03-06,-8.93465425770416,-20.784595821482096,11.603649448814723,-18.883467082275555
2021-03-07,-9.473178086479223,-20.54894592219797,12.643191242936268,-18.14422057430348
2021-03-08,-8.702507997851773,-19.960131876693328,10.882887258160277,-16.455360037419315
2021-03-09,-7.771507642935962,-19.658638867995602,11.010067385127282,-15.463690352523589
2021-03-10,-7.184779047623403,-20.91447187895011,11.715080113904357,-16.451270372564768
2021-03-11,-6.666216410885707,-20.431902091087554,13.146293942601375,-15.699630035547278
2021-03-12,-5.590485792794397,-21.26334958059764,11.508041283260098,-16.756798436105118
2021-03-13,-5.970312182947825,-20.28300344356699,10.976338340623725,-16.545128542058677
2021-03-14,-6.190730602691223,-19.828870264923193,10.174084106100217,-14.602291541408372
2021-03-15,-6.786569364235873,-19.45255833258736,11.40314087938344,-13.975864277083156
2021-03-16,-7.648318988627465,-19.81354336508317,9.66448761389793,-13.993831519040901
2021-03-17,-8.781152086474886,-19.69559083708915,10.287125692989374,-13.755752955570982
2021-03-18,-8.948151824047944,-18.234243435169365,9.660060169534276,-13.93773011922801
2021-03-19,-10.337834693820264,-16.76528134340348,9.994551916010735,-13.161973062121572
2021-03-20,-10.312554766004247,-16.974967512353032,9.199163920611765,-13.433660152058042
2021-03-21,-9.371001627012259,-15.70591955698909,8.459067843775173,-12.552627650156293
2021-03-22,-9.063193973406293,-14.719176964045824,6.381821969291749,-14.179211914742687
2021-03-23,-9.730523094021844,-14.466788831525898,5.375848252080547,-12.490083146382133
2021-03-24,-10.809242383124019,-13.703150542477035,5.096375653342329,-12.432374487303958
2021-03-25,-10.773989330448877,-13.781522113490455,5.917631819850565,-12.139589679325443
2021-03-26,-10.304602656969816,-13.895273439198094,7.279068284943444,-11.817557421034502
2021-03-27,-9.245942338548547,-13.712471968810949,7.7685496789150745,-13.19086760337424
2021-03-28,-8.206170451620192,-16.96080680411145,7.200467348966433,-12.606510132810893
2021-03-29,-9.375073871574193,-17.28887307386882,6.516546493999136,-10.99219503252426
2021-03-30,-10.720853579176902,-17.75408961194543,6.094887607085057,-10.852978941620218
2021-03-31,-9.629570733542366,-17.208966522042875,5.743151878072989,-10.711825840052006
2021-04-01,-11.762207168072818,-17.147294742189295,5.012597121928247,-9.684727179037456
2021-04-02,-11.682482946654678,-17.12005417655426,5.090785866937389,-10.219284068981338
2021-04-03,-12.807902700077317,-18.390250884020162,4.29275013320248,-11.472777094215147
2021-04-04,-10.797194929685894,-18.5621417588298,3.033065631479471,-11.800361921346296
2021-04-05,-11.26628837275454,-18.32484461310898,2.6516062614952864,-12.258149204297784
2021-04-06,-13.254783470013423,-18.210549548340314,3.480498130664863,-11.908572602879406
2021-04-07,-14.01300162925662,-17.492625871318445,2.134473524187043,-11.931459151291273
2021-04-08,-14.363525579773292,-17.578367240886635,1.3091991481114396,-11.677183971940691
2021-04-09,-15.304383976330442,-17.598112386051323,0.17812548796544858,-11.623975184856796
2021-04-10,-14.147157375963786,-18.004596003587395,0.22134290528170186,-9.876173314847646
2021-04-11,-13.300968811499205,-18.357809307081684,0.8189584918210808,-10.248824989758974
2021-04-12,-12.790850264331468,-19.63658447491834,-0.0021965665823411307,-13.238266512978035
2021-04-13,-13.264925058370297,-18.062530050566217,0.8479510608315014,-13.712906220592016
2021-04-14,-14.906391452936628,-19.18424836189623,3.2527729036486273,-13.904676357173361
2021-04-15,-16.45555176680986,-18.997565099319388,3.691659629488724,-12.76831125665718
2021-04-16,-17.14257507672728,-17.75256846213195,2.799274836871049,-11.394735032954715
2021-04-17,-17.94512198686914,-16.857182643589724,1.535349296692568,-11.86120418492432
2021-04-18,-17.119315940170402,-15.954326787144423,2.284688722747812,-12.382441740666733
2021-04-19,-19.129458180952586,-15.076628989437607,1.483789930410651,-11.306352514367834
2021-04-20,-18.42964968340678,-16.20471173833221,2.348403813289007,-10.273011616892354
2021-04-21,-17.436599381226184,-14.697257228629834,3.2108761122631244,-11.03539050309086
2021-04-22,-15.887942671572848,-13.737724599554447,5.046568246756603,-12.548874591216663
2021-04-23,-15.849840340694168,-13.948713948837886,5.881872679206735,-13.7638816996105
2021-04-24,-15.814728496725714,-14.993106115819565,6.249532802469137,-14.02165873016545
2021-04-25,-15.970459184681427,-15.717438954295591,6.309496839797202,-14.66437550015112
2021-04-26,-17.338169554556746,-15.22132917704257,7.47401428472588,-15.81999520937446
2021-04-27,-17.89741263248602,-15.972694024238088,7.31075143515983,-15.44053490169864
2021-04-28,-18.41116247869955,-16.255260028469817,8.328688732446807,-14.931100127211282
2021-04-29,-17.998939534794484,-15.416068984889101,7.9890847613293685,-14.11442000081554
2021-04-30,-17.817044876985992,-15.722038695936012,7.900541787342986,-13.596297341783327
2021-05-01,-17.700802202690852,-14.682959150544596,7.6045775203797765,-13.292155116063656
2021-05-02,-19.663065435638426,-15.62283844045583,5.7339665901002395,-11.275427528195031
2021-05-03,-19.57426197841689,-15.44811931242703,5.44078776055453,-11.003207303439314
2021-05-04,-20.612427867457356,-15.252809202775731,4.851751474627395,-10.891427933385609
2021-05-05,-20.172996542850832,-15.37453909106975,5.014773791154432,-9.250798055692389
2021-05-06,-21.357050626537994,-15.544200031558647,4.392846415733015,-9.459155610750356
2021-05-07,-21.948665318596518,-15.39085776254705,2.772569027179047,-9.866637487123429
2021-05-08,-22.51891883947309,-16.536096605265502,3.8108224298288844,-9.895611795114423
2021-05-09,-22.476274917690755,-16.012221428361222,3.6058145642957924,-8.388547239591626
2021-05-10,-20.499377459475998,-18.130444333244355,4.451375489910176,-10.24505363146847
2021-05-11,-20.752433411887164,-17.611209595191212,3.222923718222681,-9.926189627394132
2021-05-12,-20.260809084035305,-18.952903829361748,4.15199235052704,-10.109936830008298
2021-05-13,-21.27673965612667,-17.6700483191516,2.692839303941259,-10.279300280832217
2021-05-14,-21.044747384702852,-15.912278994133581,1.3677153425554829,-11.328400734047143
2021-05-15,-22.14158927532348,-17.049992058913325,1.6616683471499527,-12.003224235653587
2021-05-16,-22.495169974597253,-16.547991060538855,2.14783029030391,-11.898760321026502
2021-05-17,-23.632119844574852,-17.501566135182305,2.544534362860614,-11.925685958481216
2021-05-18,-23.534306316244198,-16.349194588839836,1.3846684421215456,-12.604773895977186
2021-05-19,-25.329616131490315,-16.606952054285387,2.0639576542483415,-12.34100630199314
2021-05-20,-24.777064091905622,-16.222577167012975,2.113659509818725,-12.785482408597787
2021-05-21,-24.152157858549216,-16.718993533874126,3.832496000958954,-12.423601537004988
2021-05-22,-26.66869123802353,-16.427699969679797,4.277669640307496,-11.958295285028457
2021-05-23,-27.613859376705715,-17.976906330022178,3.973535222740375,-11.229901261161265
2021-05-24,-26.095218091315587,-17.864313888749216,4.932353386512507,-11.21994003595997
2021-05-25,-25.032713259565515,-18.397947555198414,5.690441054670318,-12.929620419563072
2021-05-26,-25.147160298271356,-17.873410542801977,6.185429642513816,-14.613791486806717
2021-05-27,-25.478465740562548,-17.661163153881176,5.115545438371187,-14.740681761902895
2021-05-28,-24.844313606847912,-17.750663538501644,3.90791602995376,-14.273614123938513
2021-05-29,-26.735516037289216,-16.29816457186821,5.204354821400753,-15.27368993836909
2021-05-30,-26.80370642736808,-16.938955963912797,3.406303504691266,-15.86637787889592
2021-05-31,-25.380660433742424,-16.002207702022996,4.043529074971094,-16.614560292294726
2021-06-01,-26.746944063540536,-15.98775951539925,3.0360093784468174,-17.845327523838282
2021-06-02,-27.5760186441642,-16.626744355198817,2.718290116940154,-20.398792800511977
2021-06-03,-29.738394399422965,-16.617456561724275,1.5873078529679034,-19.59427744544502
2021-06-04,-29.15879489198429,-15.809337549900164,1.9785716500322426,-19.67512468685384
2021-06-05,-28.825783601063613,-15.597778561290767,2.6619303184503513,-20.910585519401746
2021-06-06,-29.746228188877122,-14.534968831526175,1.6573574273496756,-20.059318664074468
2021-06-07,-29.939116959008995,-14.819664851922132,0.5906845121320257,-18.841924138011034
2021-06-08,-30.265282349615358,-14.716345973899545,1.1912722766263415,-18.787669627372228
2021-06-09,-30.966143638906043,-15.172996218340632,-0.19702027645112263,-19.645384556789683
2021-06-10,-30.18104057905287,-14.109628921807474,-0.2511309073148098,-20.98298421062464
2021-06-11,-30.548205514847258,-14.799633247350412,-0.9639169320558126,-21.731694770046097
2021-06-12,-29.48771220995898,-16.01290010318313,-2.21591123925755,-22.43290818288478
2021-06-13,-31.33721741162434,-15.779979484048058,-2.6726063494835337,-21.673025508068893
2021-06-14,-34.207166001362005,-15.343741095753701,-0.6328597139863792,-22.6303158133097
2021-06-15,-32.03965145223561,-13.684849106568956,-1.0756972921972952,-21.537085474231443
2021-06-16,-32.78764804134782,-13.686724106587654,-1.3492949180597957,-21.633817362618498
2021-06-17,-32.83681943834049,-13.630951948308653,-0.18706275631511882,-22.85333147403426
2021-06-18,-32.98454365411979,-13.0915135219563,-0.1027244229197167,-22.940657920223888
2021-06-19,-32.981086367401986,-12.28095076482152,-1.1518121294267099,-22.839454635506193
2021-06-20,-33.85014164247787,-11.989500255441497,1.0509608179292655,-22.66651685501539
2021-06-21,-33.603475914572336,-11.761777243393798,0.15042354784780776,-21.738546799062487
2021-06-22,-34.941709298392524,-12.180637907218536,0.6580190712143625,-21.44899961580563
2021-06-23,-35.26520754852367,-13.139180627899634,-0.5055348705510003,-19.825226217235734
2021-06-24,-35.56676779174929,-13.071594513950515,0.6226022106028044,-17.379070018439787
2021-06-25,-36.55169600705109,-12.637445257034333,-0.517635439872542,-17.89173808195602
2021-06-26,-37.16986070918636,-12.719340064561573,0.629149625060734,-17.10359369019421
2021-06-27,-37.02600647905865,-12.106836203425246,-0.3611984204838695,-17.403605192309463
2021-06-28,-35.91192233948966,-10.93172528014343,-1.4584674209450186,-16.190783067822128
2021-06-29,-35.04814005681669,-12.61437223460196,-1.4608055648110891,-15.59412121424777
2021-06-30,-34.17240622796344,-12.077013254365719,-2.01562929308884,-14.716534441913797
2021-07-01,-33.490636840449746,-11.372194526142227,-1.9192382609723406,-13.54841084417799
2021-07-02,-32.14887169007505,-12.188203213655704,-3.726014070489785,-14.668488048420736
2021-07-03,-32.404984346415965,-13.38131944616623,-5.742024220044611,-15.172184867141258
2021-07-04,-32.32956660761705,-15.820396477455773,-5.002564045980796,-13.871876405100542
2021-07-05,-32.222695096053215,-17.53866762678634,-5.539355714342117,-13.495519906473643
2021-07-06,-30.635483569710576,-18.66545552310996,-6.478574485390084,-13.83627067907987
2021-07-07,-30.882646599144092,-18.457551480780168,-6.805167127384041,-14.10071106012449
2021-07-08,-29.77413660017317,-20.210460481485917,-6.194254414431479,-13.508268354748942
2021-07-09,-29.873653429259356,-18.659814013946924,-8.02641299282517,-14.027156332547943
2021-07-10,-29.50175853647062,-20.19350211160621,-8.055280564807177,-13.055217163632443
2021-07-11,-29.500124778818687,-20.483813918397107,-7.974682846035547,-14.09606543133793
2021-07-12,-30.198574977048494,-19.921004088147868,-8.861813729021698,-12.17026662639482
2021-07-13,-30.77846070231118,-21.80221248378017,-7.982930124812374,-11.388178176855748
2021-07-14,-29.298602321015984,-20.79251932401365,-8.015020612108504,-10.071243821279454
2021-07-15,-28.133597595294088,-19.818223426679673,-9.4920561537152,-10.114696507810324
2021-07-16,-27.72659656149806,-18.802644950377175,-7.288877712791469,-8.593367144392335
2021-07-17,-29.552413264127278,-20.362911584499464,-7.351626181963291,-9.453515064463827
2021-07-18,-30.13202842920905,-20.222537321338773,-8.498676723930721,-7.81373452420282
2021-07-19,-28.844709726812056,-20.352814828680145,-8.393473687449616,-7.77530430446541
2021-07-20,-28.05667183752421,-21.172199388550812,-9.95823608471548,-8.027515772902648
2021-07-21,-28.520743366830228,-21.900543439973845,-11.263092199840637,-6.930126913438098
2021-07-22,-29.165329794582565,-20.230254892852876,-11.164143283457532,-6.546096607755466
2021-07-23,-27.69127748253655,-19.050699387386995,-12.595247954682682,-8.081101754187504
2021-07-24,-26.85282306539981,-19.189945924575632,-11.553790891525738,-9.737826918341602
2021-07-25,-27.602046506758075,-18.817676694154276,-13.033947346093475,-9.546343788083501
2021-07-26,-28.156720835519288,-19.364787820904173,-12.428283119598868,-9.138984581949849
2021-07-27,-28.164260660196575,-19.840202674776815,-10.752883476109128,-7.812098981932542
2021-07-28,-28.222419571067398,-19.791264421481287,-9.973694802840269,-7.875003514992101
2021-07-29,-27.018809360814448,-20.12519567544229,-10.046780506880665,-6.76562086091444
2021-07-30,-26.58285878548843,-19.61881549422297,-10.596100502818738,-5.387496653978319
2021-07-31,-28.107904401747764,-18.543568876775673,-11.15930029130684,-3.5138866658941756
2021-08-01,-27.783960545590972,-20.062987266284118,-9.797178859026657,-4.162190656168518
2021-08-02,-26.900941874441806,-18.80024449205304,-9.416972872949056,-4.439334282672312
2021-08-03,-24.890623341525682,-17.91427542876505,-9.521796568349302,-5.328376074515594
2021-08-04,-24.43575359338633,-18.266043545570277,-9.334453948994756,-5.679696818050208
2021-08-05,-24.437001081921977,-18.662470822363876,-11.185935863550643,-5.4483900846372215
2021-08-06,-23.283647015780055,-19.156554480264226,-10.398670387624483,-6.4736852373697245
2021-08-07,-23.25505713482738,-21.332717441361464,-10.51180034799547,-4.925518426753803
2021-08-08,-24.785203702998395,-21.504172040450925,-10.671153978647133,-6.368675099380603
2021-08-09,-24.618752375502677,-20.658259517713226,-9.99920217344512,-5.430760966817896
2021-08-10,-23.81516358253512,-21.841703500549354,-10.610693022701046,-5.780368646925247
2021-08-11,-23.680933673215243,-21.450322029489687,-11.844343939777847,-6.129501900096496
2021-08-12,-23.09056748009554,-22.799638732290838,-11.528503308049151,-6.320017888213004
2021-08-13,-23.89682633417573,-23.514919212715313,-10.802604436107558,-6.576745655009008
2021-08-14,-22.222485617194494,-25.026866287064355,-11.225390922351073,-5.917830464898673
2021-08-15,-20.652817775169055,-26.573504494086503,-10.244311536345567,-5.324691861835859
2021-08-16,-21.105473599272017,-26.572412187284534,-8.996016797620511,-4.053553878586619
2021-08-17,-20.600214498095234,-25.76923022669373,-10.362678015215687,-2.9318773003904606
2021-08-18,-18.73249634857232,-27.44760917751357,-11.395197984039916,-2.14341612766525
2021-08-19,-18.787969277551465,-26.83123280011764,-11.054987395801668,-3.19211671947561
2021-08-20,-18.263044485152832,-25.854948179669528,-9.584887891313866,-0.7968498814023324
2021-08-21,-19.351585850253798,-25.15477586985181,-8.669015164190274,1.3304076105896554
2021-08-22,-18.779193766191142,-25.12673533497528,-8.455288753742906,-0.12037378110835562
2021-08-23,-17.52109160458075,-25.096419209164377,-8.517615085629116,0.6686629133892801
2021-08-24,-17.038616378543946,-25.436183457906292,-8.189153713818262,1.1950473574164777
2021-08-25,-17.656648173734965,-26.468561933404818,-7.425182763045457,2.1143664945321485
2021-08-26,-16.829546592920224,-26.498729112778406,-7.864799999538433,-0.04616475884663851
2021-08-27,-17.091636753951704,-26.53148180552564,-7.332902391248084,0.4381732385615217
2021-08-28,-16.162986369731847,-25.608067440188584,-7.255360543174783,-0.3052563559088567
2021-08-29,-16.114504236971936,-24.651277008371945,-7.671183083120264,1.3670283484509373
2021-08-30,-16.553882353502225,-24.680226191147195,-7.6394759394219305,1.1045593932933844
2021-08-31,-16.041627158431538,-24.342292926705206,-9.616906176375897,3.1061883018282987
2021-09-01,-15.122845911336121,-24.629141511761276,-10.50964718328656,2.368700704444886
2021-09-02,-14.880387236384273,-24.443692159221158,-7.856740836226048,3.0734145038990666
2021-09-03,-15.439951213067998,-25.291847023249225,-7.548551868554047,4.473794872424954
2021-09-04,-17.688582806135546,-24.34112371859344,-8.344470565272097,4.586343498451472
2021-09-05,-18.66549534400289,-23.88941011110804,-8.553815016599936,5.502716023224704
2021-09-06,-18.97233666923473,-24.130419350098915,-8.332827269802143,5.318280638346381
2021-09-07,-20.204731763744135,-23.98005289091013,-7.953452918862311,5.123530568184876
2021-09-08,-20.401272985849264,-23.278078950761547,-7.8310451467395685,5.376549961339625
2021-09-09,-22.255833310513392,-24.46697139933739,-7.436380659636339,5.66269407149365
2021-09-10,-24.210899769431407,-24.935889060619374,-7.028607005174301,7.1371181414757405
2021-09-11,-25.85251890412232,-25.359600522436047,-7.263490191894007,5.020072673904492
2021-09-12,-26.567495187254007,-24.216680691369028,-7.923857745418198,5.498507661816156
2021-09-13,-27.047843276943667,-24.908722722919926,-8.59610458989676,5.388771778165321
2021-09-14,-26.30636515907813,-26.26975977846578,-8.997489292443106,3.904348748905959
2021-09-15,-26.556369444659637,-27.43436035040478,-9.55307099117774,2.3523046645379644
2021-09-16,-27.427225671642844,-28.35713801442724,-10.80062440857147,3.126864252109079
2021-09-17,-27.843006221353292,-28.60387202269118,-9.869143585683805,5.573537301568268
2021-09-18,-27.432334043486712,-29.192032564851626,-9.092606601028315,5.404639068362889
2021-09-19,-25.97794784202167,-30.021778390052912,-8.94962486709172,4.963211450029523
2021-09-20,-28.209226903283344,-29.845575248713974,-8.505655544453028,6.186582179966399
2021-09-21,-27.942415752486284,-31.220022309954,-9.84856234308481,7.289231498797622
2021-09-22,-26.69511897148966,-32.157204669394574,-9.141259791254392,7.583799543206197
2021-09-23,-27.58585702773275,-31.95736563127461,-9.88025848810875,8.473141004247775
2021-09-24,-26.61390517710297,-32.65111921584234,-11.01336126072961,8.316923114631408
2021-09-25,-26.464639776646894,-31.706627457759403,-11.347077973449178,8.73626444309952
2021-09-26,-26.61112484941901,-31.407331704567827,-11.148702782720768,7.468150842101344
2021-09-27,-26.471804401406867,-32.92471905458499,-9.500530538372526,9.358549009349893
2021-09-28,-25.69941295734457,-33.6735136246096,-9.096124127588473,8.739291569691643
2021-09-29,-26.493716356247486,-32.57638596961339,-8.8200572217117,8.06829060826396
2021-09-30,-27.27715117140279,-32.49377036598693,-9.36099160356014,7.01603129318794
2021-10-01,-25.74811669527817,-31.952276264285345,-9.965154446364197,7.847579071138928
2021-10-02,-24.988580443153225,-31.032498320178952,-8.441871911599002,7.340208868240061
2021-10-03,-25.715804838309186,-31.611762018991783,-7.876017595945296,7.053771372453298
2021-10-04,-25.90445595876898,-31.289420225284196,-7.68810646669909,7.219432801744098
2021-10-05,-26.02413040297659,-34.39611508488505,-8.379851908262141,4.632296017864345
2021-10-06,-28.4877825594428,-34.666544947442105,-8.05996704111462,4.140474040652132
2021-10-07,-28.927073686210246,-33.47713643056149,-8.29524408903517,4.513538606640608
2021-10-08,-27.734083262847662,-32.90147528966035,-7.687708136226984,3.641947887326745
2021-10-09,-28.36507885104185,-32.184344874259146,-7.919862742186228,4.309615971500688
2021-10-10,-28.53161696969487,-29.399133709800363,-8.975644513883243,2.676332894389349
2021-10-11,-28.928692723517326,-30.99311343686773,-8.832720147344666,4.329832480206315
2021-10-12,-28.51799084922056,-31.67886579332127,-8.441549090149104,3.7303772141430525
2021-10-13,-30.546170631757683,-30.54205428433607,-8.656104086373254,3.5008123121312895
2021-10-14,-30.38951697896202,-30.22776337836471,-9.58011961162885,3.9051187015120314
2021-10-15,-30.54790264305821,-29.490902469876314,-9.597900263452365,4.994521528046293
2021-10-16,-31.30066149533599,-27.794662311405972,-8.424914067302247,4.051194353636283
2021-10-17,-30.867231587383245,-28.792129155778703,-7.548852490767407,3.3046889786772247
2021-10-18,-30.52083604580609,-26.665249841210912,-9.307006206002463,2.609968540817451
2021-10-19,-30.97568280257094,-26.66753193052883,-8.754158112723866,3.003220660541526
2021-10-20,-31.067782952308075,-27.413528400730076,-10.229955171303562,3.7624051208500866
2021-10-21,-31.952781636064017,-27.14523026057467,-11.181588548633961,4.6238661338396
2021-10-22,-31.512875255154373,-28.03738454649148,-11.959917602191403,5.666108531252303
2021-10-23,-32.597898557768396,-28.703851628863436,-12.323699022048784,4.322804440072769
2021-10-24,-32.84389099548733,-29.732386001740863,-11.65991520229453,4.8214375453946055
2021-10-25,-33.67196481335254,-30.516543527697944,-10.862002077622464,5.07381577698909
2021-10-26,-33.598541783037255,-30.552945941215015,-11.28100270170442,3.745242982124662
2021-10-27,-33.667415186899504,-31.484925354298056,-11.200745275514828,3.6267941722444674
2021-10-28,-34.92506045094452,-31.609914066654184,-9.284341814916365,4.447745644347451
2021-10-29,-33.49199283814388,-30.94077712411898,-9.827775391136234,4.5677614391795105
2021-10-30,-33.04540227625734,-30.079812003040622,-8.233692096147946,4.5451312113517295
2021-10-31,-33.994606769422155,-30.544282113591912,-9.454882884384736,4.245146685123708
2021-11-01,-34.678942151439024,-31.820887947415038,-9.398860920623003,3.907502264871464
2021-11-02,-34.91062826609097,-31.262072923597735,-8.926856502352916,4.818877151410983
2021-11-03,-36.40419392928822,-30.227230414065474,-8.803309289742169,2.58879680405159
2021-11-04,-35.413739765067916,-29.34993308322282,-8.48854778172362,2.108176784527179
2021-11-05,-35.887025135970276,-30.70229125681164,-10.164911555292685,1.9512580348336355
2021-11-06,-34.258051010567236,-29.347579234306522,-10.152026391834347,1.4029775388236332
2021-11-07,-33.677559073631215,-28.89142260323317,-10.093359502023777,0.34214596143799114
2021-11-08,-34.44291160002329,-29.56897025130944,-10.208645827762268,1.3780743560869932
2021-11-09,-34.618603176753275,-32.283450598250816,-11.86337931952037,1.96010116178262
2021-11-10,-34.86128544381774,-30.872794931613335,-11.153023041605994,2.417376982225589
2021-11-11,-33.60648907124165,-30.73685251822817,-11.17145425137928,3.0085052405028216
2021-11-12,-33.35093094870503,-32.19608758185949,-10.09091698364845,2.956021249216539
2021-11-13,-33.90929481134368,-32.045545545366885,-9.48760259109986,1.7630320896917193
2021-11-14,-34.387328648047095,-32.3387898537238,-9.87640937687024,2.580787185957691
2021-11-15,-33.451235819192846,-32.541093498126656,-9.969269757708409,4.218471612838087
2021-11-16,-32.97139780368051,-33.437490619787866,-11.173225421473404,3.369732812461991
2021-11-17,-33.677941214964825,-35.08173728297134,-12.659782693661896,3.914704353971924
2021-11-18,-35.40172901921096,-34.17830611611641,-12.52407806197449,2.2384569479546466
2021-11-19,-35.48696924554589,-32.236522971642,-13.519736270212476,1.0107183079199782
2021-11-20,-32.870182435437286,-30.788225475592164,-12.421812357873955,1.5135205510625087
2021-11-21,-32.16070194721241,-29.60707164969151,-11.289156760615972,1.9677972579486462
2021-11-22,-32.67594351989109,-29.00831418032125,-12.119292849910204,1.5626184489789487
2021-11-23,-33.86807935850557,-30.51897057714706,-12.269534188499005,1.2361115838211045
2021-11-24,-34.11673398675034,-30.57179607158522,-12.375255138114202,3.50714488300627
2021-11-25,-32.71231998230333,-30.905681207607003,-11.701212654917523,3.8980936665963166
2021-11-26,-32.42469838962009,-31.391523436197886,-10.939578424252371,2.819170964385848
2021-11-27,-32.76839324657853,-30.123332106676827,-11.986861323839495,3.6203279489359823
2021-11-28,-33.883435140471164,-30.056786095439175,-12.754551829595316,3.4182414397583027
2021-11-29,-35.36890765541632,-31.111677309749933,-12.993380206783089,3.371499968857735
2021-11-30,-35.15282601736632,-29.790888078429788,-11.905946156500066,3.69543207706427
2021-12-01,-35.380328300011456,-30.542947107923087,-10.654213794845568,3.779414447869146
2021-12-02,-35.86334291028404,-29.643643338858748,-10.739938548534942,5.490793391957648
2021-12-03,-35.79267885501192,-29.776701843205263,-10.743758059531984,3.882250152364338
2021-12-04,-35.889451098341674,-29.831795907023473,-9.596800944898154,4.7220446068642525
2021-12-05,-35.91611602009085,-28.56069241736198,-9.803692449091727,4.000603348762491
2021-12-06,-36.97200532017045,-27.651733226303467,-8.807924594672901,5.769159932498406
2021-12-07,-36.632587606408755,-27.302316880052864,-10.038093345880968,6.743551298711239
2021-12-08,-37.26596914982261,-28.26888102895665,-10.459524145460758,8.35037190502385
2021-12-09,-36.728979332874616,-26.335877874534724,-11.696730803529235,7.688558172136023
2021-12-10,-38.17684079243123,-26.537627901602573,-9.551558614289078,6.8945562425446205
2021-12-11,-37.71089508895242,-26.683629607646985,-10.014424898678435,9.000503430152733
2021-12-12,-39.12587267014038,-25.90105078496854,-9.304682829828916,8.78744302138852
2021-12-13,-37.9920958574176,-27.052948017845903,-9.217036184938594,7.643434660492069
2021-12-14,-38.711531762890374,-25.88697349522977,-8.632997050083096,6.821408156603226
2021-12-15,-39.96304263559884,-27.854532335061393,-8.686735230626049,5.705030904617735
2021-12-16,-39.323958189064626,-27.491617416546408,-8.005886743605782,5.395166064155481
2021-12-17,-38.93120953333667,-26.96966708902991,-8.416123039623972,6.2383457293211135
2021-12-18,-39.17829816648014,-29.217898450531735,-7.9642294222454435,7.150777926397985
2021-12-19,-39.12041804641758,-29.501276557267772,-5.917522711637332,7.401399445914217
2021-12-20,-38.284098366694415,-28.114239507842928,-6.416395896155948,6.303057720325565
2021-12-21,-39.943357540018326,-28.69505268334783,-5.7892048388421085,5.603924414928612
2021-12-22,-41.57252725151356,-31.069767775216697,-5.609364894200086,6.36734194677653
2021-12-23,-42.9753195147228,-31.43722223516599,-6.150116438949294,6.966812525924384
2021-12-24,-42.91266475517411,-30.970348309800215,-8.498188427333643,7.2440109831305115
2021-12-25,-42.83444116093768,-28.96248631687976,-8.02594046211522,5.716427549625469
2021-12-26,-43.4375834420512,-28.900874884061082,-10.623828433005357,4.029827043478127
2021-12-27,-44.06230327499209,-29.484723753712537,-10.842029028777906,3.407391630538672
2021-12-28,-44.643467121243546,-28.843330759650616,-12.57499675577018,2.8908316735454678
2021-12-29,-44.77495815678141,-27.43212626800397,-12.2290657247538,3.326845273217609
2021-12-30,-44.18705583583387,-27.97531519307063,-11.46592624976116,3.384687970501758
2021-12-31,-43.38282661737968,-27.33771878433467,-12.44805411703621,4.460331040866978
2022-01-01,-43.264267409937254,-27.61377353798874,-12.242256973994964,3.8223170484999573
2022-01-02,-44.45629298651102,-26.418830600026872,-11.949993421004061,4.41905909578951
2022-01-03,-45.761056903581874,-27.50684559656823,-12.667266878166533,4.0167070819136566
2022-01-04,-46.59767530585821,-28.89408615116985,-12.093322601388381,3.596977815236975
2022-01-05,-47.13982667249372,-29.211583321547337,-11.564458976139303,4.594461449528791
2022-01-06,-47.310629583537725,-28.557939521529615,-10.808559567325633,5.530832490849034
2022-01-07,-46.894257794543314,-27.515255826426227,-11.196771900344856,5.129440825051453
2022-01-08,-47.10492564945179,-26.930194749437753,-13.484215920163116,6.456161209678615
2022-01-09,-48.10762971580306,-27.52528804184106,-11.893202101596007,6.397118455918677
2022-01-10,-47.427180858908095,-29.62990591793447,-11.869048825872373,5.947888686517879
2022-01-11,-47.14294575748709,-30.53970206670711,-12.78387726912487,6.329316061463298
2022-01-12,-45.90335748836961,-29.671037083597035,-13.721442187546975,8.062519007956809
2022-01-13,-46.004245456876184,-31.27947763477233,-14.374632624041272,7.672308862000928
2022-01-14,-45.32954705502754,-33.5475168508151,-13.088190085807016,6.527992050012489
2022-01-15,-45.35361935534692,-34.04226579476618,-12.8162938895356,6.507514142008073
2022-01-16,-45.442277494256885,-34.031486498550386,-14.20903019594363,6.061719894427354
2022-01-17,-45.161029219763805,-35.40708915810702,-13.275291733848771,6.609948873191508
2022-01-18,-43.01287699681525,-36.73652029731368,-11.593351923035627,6.876959476144739
2022-01-19,-43.40924710804998,-36.75883888499074,-10.035364522894362,7.664541825681134
2022-01-20,-43.2602703004144,-35.73776307426612,-10.693556769013572,9.15814216428418
2022-01-21,-42.235726357245774,-36.251250927504366,-12.245690644304549,8.627740087374445
2022-01-22,-42.168343008362676,-34.758075080194786,-12.151219925549347,8.84943111289121
2022-01-23,-41.573072655134624,-35.456802391246214,-13.174602917074349,9.818911261448193
2022-01-24,-42.07910893846368,-34.48740688529929,-11.767934769175945,8.450816967597468
2022-01-25,-42.74811284304857,-35.426214951321214,-11.486846324552618,7.561951973347975
2022-01-26,-41.383281445401074,-34.70650625494149,-12.360109798628958,7.627546482217174
2022-01-27,-42.24927864525703,-34.88592831833533,-15.14272404850213,7.858848492619691
2022-01-28,-43.557099038367475,-36.02932218578417,-14.125674164005629,7.891039209879582
2022-01-29,-42.4856806054534,-36.840666928332034,-14.193384963028862,6.752974533375587
2022-01-30,-41.35293930686123,-36.502861232442726,-14.535355619136448,3.0185028018171316
2022-01-31,-43.197362983175346,-35.869171304762666,-15.986618476451984,3.485503991754565
2022-02-01,-41.010790219124075,-36.346336409047424,-16.509591061914424,4.168131274370635
2022-02-02,-40.52197107833276,-36.76927655726729,-16.94447061911237,4.434319738559238
2022-02-03,-41.41708683912711,-38.68145316145685,-14.739209781977301,2.6894642739213372
2022-02-04,-41.16368390569385,-36.661560431811424,-12.760244763942008,2.1499340309476205
2022-02-05,-40.53508864890098,-35.289120250845656,-13.054365240116866,1.6037602756637275
2022-02-06,-42.51434159305312,-35.936549657298116,-11.96775608287107,3.4101656972536487
2022-02-07,-44.30464519958133,-36.319212230081504,-12.16371819699972,3.42565285803288
2022-02-08,-43.26803098028296,-37.594022159195255,-12.9574440864155,3.2370804873567685
2022-02-09,-45.413109127120535,-37.87059375324433,-11.72296938503282,4.202819747132286
2022-02-10,-44.181471537136986,-37.98532009736548,-9.58010915980556,3.804098001001194
2022-02-11,-45.336286831379226,-37.73117160277215,-10.130125162478269,3.487489010729114
2022-02-12,-45.405765020478086,-37.04920070095481,-10.807288514626807,3.6147860164734347
2022-02-13,-45.26143997520014,-35.75614564190376,-10.30620781292231,3.1099124555458584
2022-02-14,-46.05306261097936,-35.638169542159275,-11.111347182132683,2.6734869010442033
2022-02-15,-44.96053916209979,-36.06657688679479,-12.315894713151117,1.6896904053694688
2022-02-16,-44.43821494446408,-35.95305064009385,-13.200443507795843,-0.024746127220081293
2022-02-17,-45.705505490504265,-35.11017678965843,-12.643988865792277,-0.48804880327887756
2022-02-18,-46.684360443791945,-34.31776835290628,-11.996381559653885,0.9422977193969054
2022-02-19,-46.93254248585748,-33.65567293616907,-12.220668064484942,0.8592117771049244
2022-02-20,-45.90546328017271,-34.191925439741524,-13.316325557530499,1.7204555860183008
2022-02-21,-48.04358117682205,-32.238005394278495,-13.354117911268245,1.2024854966997187
2022-02-22,-47.90521630365286,-30.841500947364814,-12.516043601028025,1.1997506487252836
2022-02-23,-47.26182215435629,-32.44034336094155,-10.653473198015293,-0.685113872666858
2022-02-24,-46.36746945256708,-31.169269397882793,-10.688831717437957,0.3014565485347448
2022-02-25,-46.21531534009282,-29.386078819682414,-11.174904612698908,0.39461458538895466
2022-02-26,-46.81265572647691,-29.491156550879086,-10.726687468764295,1.1158002052604412
2022-02-27,-47.93213946721453,-30.358178567760532,-10.490382574627851,-0.2509407220201987
2022-02-28,-48.28200638129146,-31.50174433012115,-12.011762651216895,1.2278091935809372
2022-03-01,-46.30771759886822,-32.14906465255483,-11.460379122097239,0.7815109771205626
2022-03-02,-45.623342290734115,-32.6254014423343,-11.895550410472616,1.291009652745894
2022-03-03,-45.41317455728175,-33.59811677134708,-12.644835203534539,3.7435166885289206
2022-03-04,-46.67507125755828,-34.47662359830263,-12.412004633462491,4.076716780291668
2022-03-05,-45.93432160817285,-33.42792757754019,-13.922937460135133,3.05657475590535
2022-03-06,-45.21764612545096,-33.637080471860514,-14.42294838465692,3.739357538767924
2022-03-07,-44.198415920600716,-34.18723840039595,-15.38113952494628,4.006485336461344
2022-03-08,-44.138335948899595,-35.301747535880104,-15.316249426699748,5.173109003230402
2022-03-09,-42.10763627834152,-36.21023770615689,-15.115354311188403,6.812345499553422
2022-03-10,-41.474046643391944,-35.49082402066718,-13.101183607230713,6.117361602388417
2022-03-11,-41.437662181862194,-38.10151770185174,-15.105022588322514,8.05049663922933
2022-03-12,-40.546752688062995,-40.841826175352104,-14.367098778931334,7.288691624914716
2022-03-13,-37.892151925586255,-40.05124023695555,-15.124794474917653,6.763565144813886
2022-03-14,-38.68560040999327,-41.25071212338349,-15.483269232880943,6.780184476758636
2022-03-15,-39.037158125202325,-40.680823259397144,-15.392694190847536,7.067407876989926
2022-03-16,-41.18605675550342,-40.158210859064134,-15.590962824438243,8.102014723832962
2022-03-17,-40.970972199456995,-39.09122441013892,-16.34536029500822,9.36073385264381
2022-03-18,-41.22120816208768,-39.80878939304022,-16.78068620515897,11.349107962452903
2022-03-19,-40.70431785332199,-41.87891587675751,-16.370556627575553,10.469418058969065
2022-03-20,-41.57277709005533,-41.33940653490973,-16.878826973172064,10.689953395161037
2022-03-21,-40.244786858356065,-40.15407611823949,-18.212479069842882,9.913246825435833
2022-03-22,-40.82506029048731,-40.96953603268449,-17.36985599366541,10.743467279208728
2022-03-23,-40.88596975115025,-40.56842788332395,-18.744425565359858,12.471477982063481
2022-03-24,-41.959645625261345,-40.7714484945828,-19.02910591894702,12.80232030141634
2022-03-25,-42.584786410478515,-39.7899685708812,-21.41053552279715,13.686236608267219
2022-03-26,-41.2211854249967,-41.348801930874025,-19.591410921257538,15.381050101778396
2022-03-27,-40.63283841256881,-41.25850359156055,-20.59844587310486,15.11308509310914
2022-03-28,-41.23774193184944,-40.237602238663705,-19.881342522429733,13.890978726609028
2022-03-29,-41.398659099521005,-39.075410290170474,-20.153425017490832,13.112113185968301
2022-03-30,-42.483100974180374,-38.531482516642484,-19.82163914564128,13.961675507337763
2022-03-31,-41.79452009571484,-38.04349297394565,-19.76629696272573,13.42130961269626
2022-04-01,-42.61745087920703,-37.06452885850227,-20.42815277134924,13.106209600317273
2022-04-02,-42.122855048381346,-36.55845242703731,-21.13321805395948,11.798244572730553
2022-04-03,-44.77419166909119,-36.453809044864464,-20.765130206142732,12.100398393818823
2022-04-04,-43.77449999253376,-34.04520478679173,-20.80464870447372,13.712568660493655
2022-04-05,-44.1752453472651,-35.135081735966494,-20.716436922900495,12.821333932097257
2022-04-06,-45.95175311422158,-36.238851882884006,-21.394132385659177,11.389778067424627
2022-04-07,-45.70221030343859,-35.18362743099307,-21.891949787920083,11.210810625400295
2022-04-08,-44.941125070988974,-35.47307310216954,-21.743805506050847,10.950316001025408
2022-04-09,-45.71898619986397,-34.56778302901889,-23.893755020118256,12.288589148372207
2022-04-10,-44.680363926863485,-36.10025495467732,-22.8546847904732,11.201944864921073
2022-04-11,-43.493544373549874,-36.72354396920154,-24.576271041113028,12.918732160139356
2022-04-12,-44.984902995537546,-36.94839593437083,-25.25796992731959,12.126932513225249
2022-04-13,-45.47469022025165,-36.34940840501015,-25.37657410881695,12.552414899756025
2022-04-14,-45.366633228646755,-37.09840455302787,-25.375680300266843,13.776131385619385
2022-04-15,-45.741470367837195,-37.51233318530017,-27.172790447492382,12.937747719910277
2022-04-16,-45.354139546008874,-36.072016241496115,-27.56319116518124,13.044476953664825
2022-04-17,-44.980531678636176,-37.39506563780018,-28.407979583665504,14.405801340468882
2022-04-18,-45.275887007129626,-38.45635286965116,-26.53118718883006,14.421748960896979
2022-04-19,-44.00223631433238,-37.6966716936204,-25.41890972096374,14.249406261919171
2022-04-20,-44.642953946595966,-37.88394316453921,-25.81441760197932,12.476328096948157
2022-04-21,-43.705724012716615,-37.7826187406891,-26.105218169017114,13.804820377746442
2022-04-22,-43.94883040069186,-35.62479345455865,-25.417427710607917,14.373225823238597
2022-04-23,-44.775483625977586,-36.11272573697305,-24.5937057606468,14.960976435361575
2022-04-24,-44.39046543424007,-36.597568122893314,-25.960653893655092,15.23109801077534
2022-04-25,-44.12415819872082,-35.44901953288085,-26.2564030592631,14.55467209243523
2022-04-26,-43.78715494309333,-32.231541536254475,-23.635263002604155,15.059661870457317
2022-04-27,-43.446441154847236,-32.07936825014845,-23.743242794826948,14.329339614090435
2022-04-28,-42.58532900010768,-30.5589875695729,-23.094814452251992,15.005021096240032
2022-04-29,-41.92722897616003,-29.851796868457523,-22.484511025142183,15.606392093705786
2022-04-30,-40.432236029728976,-28.679687799258126,-21.350023037464855,16.526730089009224
2022-05-01,-39.72772747834231,-29.90044171396232,-20.07548574467683,16.371483971062403
2022-05-02,-38.433593116188774,-29.665017695940506,-20.016459718083123,15.524178758518
2022-05-03,-40.10843226534235,-29.8164097208546,-20.05358185512215,15.8259008048957
2022-05-04,-41.12589560321683,-29.777453242970783,-20.70116150948189,15.27345961923291
2022-05-05,-42.30581729820792,-28.186017287376373,-20.416913978345143,16.431362950881713
2022-05-06,-41.53091743714474,-28.890206696520508,-18.720874090574995,16.90432707418953
2022-05-07,-40.4955950961203,-31.0514294063247,-19.713675554723018,16.879255135455406
2022-05-08,-39.21023346821041,-32.56201583668776,-20.68095015559145,17.791731130464367
2022-05-09,-39.441070280956936,-33.387647409851255,-19.635071730842697,18.340814933550035
2022-05-10,-39.571472368885274,-33.71899683548716,-20.70796220896852,17.894645610000595
2022-05-11,-39.16479281561009,-34.306107991726115,-20.772324689753777,18.9808104987279
2022-05-12,-39.78594309711463,-33.41969944060852,-20.70258767368896,19.356781261606727
2022-05-13,-38.782627346920194,-33.51955589824956,-21.11795754789532,18.636166508374476
2022-05-14,-37.67278157572465,-33.244602053401316,-22.16699615703388,17.095003033256774
2022-05-15,-37.26208388381942,-33.51925066197923,-22.783061026476478,15.825166262391873
2022-05-16,-36.39951951968137,-33.36239947030749,-21.874366516504725,16.140229131578327
2022-05-17,-36.63469192876372,-34.76872132410236,-19.929670189937294,15.806924657330121
